,NUMERO_REGISTRO_PRODUTO,IDENTIFICADOR_DO_ITEM,NOME_PRODUTO,DATA_DE_CONSUMO,QUANTIDADE
258,129160047,25351020444,ACETONIDO DE FLUOCINOLONA,2020-02-29,91
258,129160047,25351020444,ACETONIDO DE FLUOCINOLONA,2020-03-31,57
258,129160047,25351020444,ACETONIDO DE FLUOCINOLONA,2020-04-30,0
258,129160047,25351020444,ACETONIDO DE FLUOCINOLONA,2020-05-31,66
258,129160047,25351020444,ACETONIDO DE FLUOCINOLONA,2020-06-30,48
258,129160047,25351020444,ACETONIDO DE FLUOCINOLONA,2020-07-31,61
258,129160047,25351020444,ACETONIDO DE FLUOCINOLONA,2020-08-31,0
258,129160047,25351020444,ACETONIDO DE FLUOCINOLONA,2020-09-30,1
258,129160047,25351020444,ACETONIDO DE FLUOCINOLONA,2020-10-31,0
258,129160047,25351020444,ACETONIDO DE FLUOCINOLONA,2020-11-30,1
258,129160047,25351020444,ACETONIDO DE FLUOCINOLONA,2020-12-31,65
258,129160047,25351020444,ACETONIDO DE FLUOCINOLONA,2021-01-31,54
258,129160047,25351020444,ACETONIDO DE FLUOCINOLONA,2021-02-28,18
258,129160047,25351020444,ACETONIDO DE FLUOCINOLONA,2021-03-31,38
258,129160047,25351020444,ACETONIDO DE FLUOCINOLONA,2021-04-30,24
258,129160047,25351020444,ACETONIDO DE FLUOCINOLONA,2021-05-31,8
258,129160047,25351020444,ACETONIDO DE FLUOCINOLONA,2021-06-30,15
258,129160047,25351020444,ACETONIDO DE FLUOCINOLONA,2021-07-31,69
258,129160047,25351020444,ACETONIDO DE FLUOCINOLONA,2021-08-31,19
258,129160047,25351020444,ACETONIDO DE FLUOCINOLONA,2021-09-30,16
258,129160047,25351020444,ACETONIDO DE FLUOCINOLONA,2021-10-31,37
258,129160047,25351020444,ACETONIDO DE FLUOCINOLONA,2021-11-30,6
258,129160047,25351020444,ACETONIDO DE FLUOCINOLONA,2021-12-31,99
258,129160047,25351020444,ACETONIDO DE FLUOCINOLONA,2022-01-31,0
585,103700096,25000000327,AERODINI,2020-02-29,36
585,103700096,25000000327,AERODINI,2020-03-31,44
585,103700096,25000000327,AERODINI,2020-04-30,3
585,103700096,25000000327,AERODINI,2020-05-31,1
585,103700096,25000000327,AERODINI,2020-06-30,31
585,103700096,25000000327,AERODINI,2020-07-31,25
585,103700096,25000000327,AERODINI,2020-08-31,19
585,103700096,25000000327,AERODINI,2020-09-30,34
585,103700096,25000000327,AERODINI,2020-10-31,42
585,103700096,25000000327,AERODINI,2020-11-30,30
585,103700096,25000000327,AERODINI,2020-12-31,107
585,103700096,25000000327,AERODINI,2021-01-31,4
585,103700096,25000000327,AERODINI,2021-02-28,105
585,103700096,25000000327,AERODINI,2021-03-31,116
585,103700096,25000000327,AERODINI,2021-04-30,9
585,103700096,25000000327,AERODINI,2021-05-31,5
585,103700096,25000000327,AERODINI,2021-06-30,24
585,103700096,25000000327,AERODINI,2021-07-31,89
585,103700096,25000000327,AERODINI,2021-08-31,131
585,103700096,25000000327,AERODINI,2021-09-30,51
585,103700096,25000000327,AERODINI,2021-10-31,35
585,103700096,25000000327,AERODINI,2021-11-30,8
585,103700096,25000000327,AERODINI,2021-12-31,4
585,103700096,25000000327,AERODINI,2022-01-31,0
899,100680956,25351034438,ALENDRONATO SÓDICO,2020-02-29,74
899,100680956,25351034438,ALENDRONATO SÓDICO,2020-03-31,107
899,100680956,25351034438,ALENDRONATO SÓDICO,2020-04-30,7
899,100680956,25351034438,ALENDRONATO SÓDICO,2020-05-31,12
899,100680956,25351034438,ALENDRONATO SÓDICO,2020-06-30,112
899,100680956,25351034438,ALENDRONATO SÓDICO,2020-07-31,2
899,100680956,25351034438,ALENDRONATO SÓDICO,2020-08-31,64
899,100680956,25351034438,ALENDRONATO SÓDICO,2020-09-30,135
899,100680956,25351034438,ALENDRONATO SÓDICO,2020-10-31,13
899,100680956,25351034438,ALENDRONATO SÓDICO,2020-11-30,23
899,100680956,25351034438,ALENDRONATO SÓDICO,2020-12-31,66
899,100680956,25351034438,ALENDRONATO SÓDICO,2021-01-31,5
899,100680956,25351034438,ALENDRONATO SÓDICO,2021-02-28,15
899,100680956,25351034438,ALENDRONATO SÓDICO,2021-03-31,18
899,100680956,25351034438,ALENDRONATO SÓDICO,2021-04-30,9
899,100680956,25351034438,ALENDRONATO SÓDICO,2021-05-31,2
899,100680956,25351034438,ALENDRONATO SÓDICO,2021-06-30,7
899,100680956,25351034438,ALENDRONATO SÓDICO,2021-07-31,1
899,100680956,25351034438,ALENDRONATO SÓDICO,2021-08-31,38
899,100680956,25351034438,ALENDRONATO SÓDICO,2021-09-30,30
899,100680956,25351034438,ALENDRONATO SÓDICO,2021-10-31,21
899,100680956,25351034438,ALENDRONATO SÓDICO,2021-11-30,14
899,100680956,25351034438,ALENDRONATO SÓDICO,2021-12-31,23
899,100680956,25351034438,ALENDRONATO SÓDICO,2022-01-31,17
1020,183260313,25351189991,ALLEGRA D,2020-02-29,11
1020,183260313,25351189991,ALLEGRA D,2020-03-31,30
1020,183260313,25351189991,ALLEGRA D,2020-04-30,61
1020,183260313,25351189991,ALLEGRA D,2020-05-31,15
1020,183260313,25351189991,ALLEGRA D,2020-06-30,19
1020,183260313,25351189991,ALLEGRA D,2020-07-31,32
1020,183260313,25351189991,ALLEGRA D,2020-08-31,78
1020,183260313,25351189991,ALLEGRA D,2020-09-30,22
1020,183260313,25351189991,ALLEGRA D,2020-10-31,18
1020,183260313,25351189991,ALLEGRA D,2020-11-30,81
1020,183260313,25351189991,ALLEGRA D,2020-12-31,56
1020,183260313,25351189991,ALLEGRA D,2021-01-31,50
1020,183260313,25351189991,ALLEGRA D,2021-02-28,91
1020,183260313,25351189991,ALLEGRA D,2021-03-31,24
1020,183260313,25351189991,ALLEGRA D,2021-04-30,17
1020,183260313,25351189991,ALLEGRA D,2021-05-31,16
1020,183260313,25351189991,ALLEGRA D,2021-06-30,71
1020,183260313,25351189991,ALLEGRA D,2021-07-31,107
1020,183260313,25351189991,ALLEGRA D,2021-08-31,38
1020,183260313,25351189991,ALLEGRA D,2021-09-30,2
1020,183260313,25351189991,ALLEGRA D,2021-10-31,46
1020,183260313,25351189991,ALLEGRA D,2021-11-30,19
1020,183260313,25351189991,ALLEGRA D,2021-12-31,21
1020,183260313,25351189991,ALLEGRA D,2022-01-31,5
1056,102350364,25000021399,ALOPURINOL,2020-02-29,84
1056,102350364,25000021399,ALOPURINOL,2020-03-31,0
1056,102350364,25000021399,ALOPURINOL,2020-04-30,6
1056,102350364,25000021399,ALOPURINOL,2020-05-31,67
1056,102350364,25000021399,ALOPURINOL,2020-06-30,52
1056,102350364,25000021399,ALOPURINOL,2020-07-31,3
1056,102350364,25000021399,ALOPURINOL,2020-08-31,25
1056,102350364,25000021399,ALOPURINOL,2020-09-30,14
1056,102350364,25000021399,ALOPURINOL,2020-10-31,24
1056,102350364,25000021399,ALOPURINOL,2020-11-30,86
1056,102350364,25000021399,ALOPURINOL,2020-12-31,15
1056,102350364,25000021399,ALOPURINOL,2021-01-31,1
1056,102350364,25000021399,ALOPURINOL,2021-02-28,3
1056,102350364,25000021399,ALOPURINOL,2021-03-31,13
1056,102350364,25000021399,ALOPURINOL,2021-04-30,46
1056,102350364,25000021399,ALOPURINOL,2021-05-31,127
1056,102350364,25000021399,ALOPURINOL,2021-06-30,38
1056,102350364,25000021399,ALOPURINOL,2021-07-31,63
1056,102350364,25000021399,ALOPURINOL,2021-08-31,30
1056,102350364,25000021399,ALOPURINOL,2021-09-30,15
1056,102350364,25000021399,ALOPURINOL,2021-10-31,6
1056,102350364,25000021399,ALOPURINOL,2021-11-30,62
1056,102350364,25000021399,ALOPURINOL,2021-12-31,24
1056,102350364,25000021399,ALOPURINOL,2022-01-31,40
1709,102350396,25000034772,ANTIMONIATO DE MEGLUMINA,2020-02-29,28
1709,102350396,25000034772,ANTIMONIATO DE MEGLUMINA,2020-03-31,40
1709,102350396,25000034772,ANTIMONIATO DE MEGLUMINA,2020-04-30,13
1709,102350396,25000034772,ANTIMONIATO DE MEGLUMINA,2020-05-31,49
1709,102350396,25000034772,ANTIMONIATO DE MEGLUMINA,2020-06-30,9
1709,102350396,25000034772,ANTIMONIATO DE MEGLUMINA,2020-07-31,38
1709,102350396,25000034772,ANTIMONIATO DE MEGLUMINA,2020-08-31,70
1709,102350396,25000034772,ANTIMONIATO DE MEGLUMINA,2020-09-30,3
1709,102350396,25000034772,ANTIMONIATO DE MEGLUMINA,2020-10-31,48
1709,102350396,25000034772,ANTIMONIATO DE MEGLUMINA,2020-11-30,115
1709,102350396,25000034772,ANTIMONIATO DE MEGLUMINA,2020-12-31,80
1709,102350396,25000034772,ANTIMONIATO DE MEGLUMINA,2021-01-31,91
1709,102350396,25000034772,ANTIMONIATO DE MEGLUMINA,2021-02-28,28
1709,102350396,25000034772,ANTIMONIATO DE MEGLUMINA,2021-03-31,18
1709,102350396,25000034772,ANTIMONIATO DE MEGLUMINA,2021-04-30,7
1709,102350396,25000034772,ANTIMONIATO DE MEGLUMINA,2021-05-31,36
1709,102350396,25000034772,ANTIMONIATO DE MEGLUMINA,2021-06-30,18
1709,102350396,25000034772,ANTIMONIATO DE MEGLUMINA,2021-07-31,23
1709,102350396,25000034772,ANTIMONIATO DE MEGLUMINA,2021-08-31,11
1709,102350396,25000034772,ANTIMONIATO DE MEGLUMINA,2021-09-30,39
1709,102350396,25000034772,ANTIMONIATO DE MEGLUMINA,2021-10-31,7
1709,102350396,25000034772,ANTIMONIATO DE MEGLUMINA,2021-11-30,19
1709,102350396,25000034772,ANTIMONIATO DE MEGLUMINA,2021-12-31,46
1709,102350396,25000034772,ANTIMONIATO DE MEGLUMINA,2022-01-31,2
1958,146950029,25351182165,ASSEPDINE,2020-02-29,67
1958,146950029,25351182165,ASSEPDINE,2020-03-31,18
1958,146950029,25351182165,ASSEPDINE,2020-04-30,99
1958,146950029,25351182165,ASSEPDINE,2020-05-31,0
1958,146950029,25351182165,ASSEPDINE,2020-06-30,57
1958,146950029,25351182165,ASSEPDINE,2020-07-31,12
1958,146950029,25351182165,ASSEPDINE,2020-08-31,4
1958,146950029,25351182165,ASSEPDINE,2020-09-30,51
1958,146950029,25351182165,ASSEPDINE,2020-10-31,79
1958,146950029,25351182165,ASSEPDINE,2020-11-30,0
1958,146950029,25351182165,ASSEPDINE,2020-12-31,133
1958,146950029,25351182165,ASSEPDINE,2021-01-31,24
1958,146950029,25351182165,ASSEPDINE,2021-02-28,4
1958,146950029,25351182165,ASSEPDINE,2021-03-31,4
1958,146950029,25351182165,ASSEPDINE,2021-04-30,8
1958,146950029,25351182165,ASSEPDINE,2021-05-31,40
1958,146950029,25351182165,ASSEPDINE,2021-06-30,2
1958,146950029,25351182165,ASSEPDINE,2021-07-31,1
1958,146950029,25351182165,ASSEPDINE,2021-08-31,21
1958,146950029,25351182165,ASSEPDINE,2021-09-30,84
1958,146950029,25351182165,ASSEPDINE,2021-10-31,56
1958,146950029,25351182165,ASSEPDINE,2021-11-30,163
1958,146950029,25351182165,ASSEPDINE,2021-12-31,10
1958,146950029,25351182165,ASSEPDINE,2022-01-31,2
3249,105830102,25992004641,BISMU-JET,2020-02-29,8
3249,105830102,25992004641,BISMU-JET,2020-03-31,0
3249,105830102,25992004641,BISMU-JET,2020-04-30,42
3249,105830102,25992004641,BISMU-JET,2020-05-31,81
3249,105830102,25992004641,BISMU-JET,2020-06-30,66
3249,105830102,25992004641,BISMU-JET,2020-07-31,2
3249,105830102,25992004641,BISMU-JET,2020-08-31,19
3249,105830102,25992004641,BISMU-JET,2020-09-30,90
3249,105830102,25992004641,BISMU-JET,2020-10-31,12
3249,105830102,25992004641,BISMU-JET,2020-11-30,8
3249,105830102,25992004641,BISMU-JET,2020-12-31,54
3249,105830102,25992004641,BISMU-JET,2021-01-31,31
3249,105830102,25992004641,BISMU-JET,2021-02-28,69
3249,105830102,25992004641,BISMU-JET,2021-03-31,60
3249,105830102,25992004641,BISMU-JET,2021-04-30,8
3249,105830102,25992004641,BISMU-JET,2021-05-31,56
3249,105830102,25992004641,BISMU-JET,2021-06-30,81
3249,105830102,25992004641,BISMU-JET,2021-07-31,10
3249,105830102,25992004641,BISMU-JET,2021-08-31,0
3249,105830102,25992004641,BISMU-JET,2021-09-30,28
3249,105830102,25992004641,BISMU-JET,2021-10-31,57
3249,105830102,25992004641,BISMU-JET,2021-11-30,112
3249,105830102,25992004641,BISMU-JET,2021-12-31,16
3249,105830102,25992004641,BISMU-JET,2022-01-31,0
3485,103700467,25351006251,BROMIDRATO DE FENOTEROL,2020-02-29,30
3485,103700467,25351006251,BROMIDRATO DE FENOTEROL,2020-03-31,64
3485,103700467,25351006251,BROMIDRATO DE FENOTEROL,2020-04-30,13
3485,103700467,25351006251,BROMIDRATO DE FENOTEROL,2020-05-31,65
3485,103700467,25351006251,BROMIDRATO DE FENOTEROL,2020-06-30,88
3485,103700467,25351006251,BROMIDRATO DE FENOTEROL,2020-07-31,65
3485,103700467,25351006251,BROMIDRATO DE FENOTEROL,2020-08-31,9
3485,103700467,25351006251,BROMIDRATO DE FENOTEROL,2020-09-30,87
3485,103700467,25351006251,BROMIDRATO DE FENOTEROL,2020-10-31,87
3485,103700467,25351006251,BROMIDRATO DE FENOTEROL,2020-11-30,109
3485,103700467,25351006251,BROMIDRATO DE FENOTEROL,2020-12-31,1
3485,103700467,25351006251,BROMIDRATO DE FENOTEROL,2021-01-31,9
3485,103700467,25351006251,BROMIDRATO DE FENOTEROL,2021-02-28,4
3485,103700467,25351006251,BROMIDRATO DE FENOTEROL,2021-03-31,179
3485,103700467,25351006251,BROMIDRATO DE FENOTEROL,2021-04-30,2
3485,103700467,25351006251,BROMIDRATO DE FENOTEROL,2021-05-31,4
3485,103700467,25351006251,BROMIDRATO DE FENOTEROL,2021-06-30,0
3485,103700467,25351006251,BROMIDRATO DE FENOTEROL,2021-07-31,18
3485,103700467,25351006251,BROMIDRATO DE FENOTEROL,2021-08-31,13
3485,103700467,25351006251,BROMIDRATO DE FENOTEROL,2021-09-30,46
3485,103700467,25351006251,BROMIDRATO DE FENOTEROL,2021-10-31,84
3485,103700467,25351006251,BROMIDRATO DE FENOTEROL,2021-11-30,15
3485,103700467,25351006251,BROMIDRATO DE FENOTEROL,2021-12-31,73
3485,103700467,25351006251,BROMIDRATO DE FENOTEROL,2022-01-31,105
4024,101310018,25001005267,CAPTOPRIL,2020-02-29,38
4024,101310018,25001005267,CAPTOPRIL,2020-03-31,3
4024,101310018,25001005267,CAPTOPRIL,2020-04-30,68
4024,101310018,25001005267,CAPTOPRIL,2020-05-31,0
4024,101310018,25001005267,CAPTOPRIL,2020-06-30,11
4024,101310018,25001005267,CAPTOPRIL,2020-07-31,79
4024,101310018,25001005267,CAPTOPRIL,2020-08-31,90
4024,101310018,25001005267,CAPTOPRIL,2020-09-30,77
4024,101310018,25001005267,CAPTOPRIL,2020-10-31,196
4024,101310018,25001005267,CAPTOPRIL,2020-11-30,26
4024,101310018,25001005267,CAPTOPRIL,2020-12-31,35
4024,101310018,25001005267,CAPTOPRIL,2021-01-31,0
4024,101310018,25001005267,CAPTOPRIL,2021-02-28,54
4024,101310018,25001005267,CAPTOPRIL,2021-03-31,3
4024,101310018,25001005267,CAPTOPRIL,2021-04-30,5
4024,101310018,25001005267,CAPTOPRIL,2021-05-31,6
4024,101310018,25001005267,CAPTOPRIL,2021-06-30,37
4024,101310018,25001005267,CAPTOPRIL,2021-07-31,1
4024,101310018,25001005267,CAPTOPRIL,2021-08-31,5
4024,101310018,25001005267,CAPTOPRIL,2021-09-30,6
4024,101310018,25001005267,CAPTOPRIL,2021-10-31,1
4024,101310018,25001005267,CAPTOPRIL,2021-11-30,5
4024,101310018,25001005267,CAPTOPRIL,2021-12-31,44
4024,101310018,25001005267,CAPTOPRIL,2022-01-31,1
4512,155620029,25351155020,CEFAZOLINA SÓDICA,2020-02-29,6
4512,155620029,25351155020,CEFAZOLINA SÓDICA,2020-03-31,53
4512,155620029,25351155020,CEFAZOLINA SÓDICA,2020-04-30,7
4512,155620029,25351155020,CEFAZOLINA SÓDICA,2020-05-31,3
4512,155620029,25351155020,CEFAZOLINA SÓDICA,2020-06-30,25
4512,155620029,25351155020,CEFAZOLINA SÓDICA,2020-07-31,20
4512,155620029,25351155020,CEFAZOLINA SÓDICA,2020-08-31,2
4512,155620029,25351155020,CEFAZOLINA SÓDICA,2020-09-30,6
4512,155620029,25351155020,CEFAZOLINA SÓDICA,2020-10-31,3
4512,155620029,25351155020,CEFAZOLINA SÓDICA,2020-11-30,12
4512,155620029,25351155020,CEFAZOLINA SÓDICA,2020-12-31,0
4512,155620029,25351155020,CEFAZOLINA SÓDICA,2021-01-31,55
4512,155620029,25351155020,CEFAZOLINA SÓDICA,2021-02-28,87
4512,155620029,25351155020,CEFAZOLINA SÓDICA,2021-03-31,0
4512,155620029,25351155020,CEFAZOLINA SÓDICA,2021-04-30,96
4512,155620029,25351155020,CEFAZOLINA SÓDICA,2021-05-31,62
4512,155620029,25351155020,CEFAZOLINA SÓDICA,2021-06-30,16
4512,155620029,25351155020,CEFAZOLINA SÓDICA,2021-07-31,16
4512,155620029,25351155020,CEFAZOLINA SÓDICA,2021-08-31,32
4512,155620029,25351155020,CEFAZOLINA SÓDICA,2021-09-30,62
4512,155620029,25351155020,CEFAZOLINA SÓDICA,2021-10-31,28
4512,155620029,25351155020,CEFAZOLINA SÓDICA,2021-11-30,0
4512,155620029,25351155020,CEFAZOLINA SÓDICA,2021-12-31,1
4512,155620029,25351155020,CEFAZOLINA SÓDICA,2022-01-31,35
5213,103700375,25351007742,CIMICIFUGA RACEMOSA,2020-02-29,2
5213,103700375,25351007742,CIMICIFUGA RACEMOSA,2020-03-31,21
5213,103700375,25351007742,CIMICIFUGA RACEMOSA,2020-04-30,24
5213,103700375,25351007742,CIMICIFUGA RACEMOSA,2020-05-31,35
5213,103700375,25351007742,CIMICIFUGA RACEMOSA,2020-06-30,5
5213,103700375,25351007742,CIMICIFUGA RACEMOSA,2020-07-31,37
5213,103700375,25351007742,CIMICIFUGA RACEMOSA,2020-08-31,73
5213,103700375,25351007742,CIMICIFUGA RACEMOSA,2020-09-30,65
5213,103700375,25351007742,CIMICIFUGA RACEMOSA,2020-10-31,3
5213,103700375,25351007742,CIMICIFUGA RACEMOSA,2020-11-30,126
5213,103700375,25351007742,CIMICIFUGA RACEMOSA,2020-12-31,10
5213,103700375,25351007742,CIMICIFUGA RACEMOSA,2021-01-31,73
5213,103700375,25351007742,CIMICIFUGA RACEMOSA,2021-02-28,2
5213,103700375,25351007742,CIMICIFUGA RACEMOSA,2021-03-31,28
5213,103700375,25351007742,CIMICIFUGA RACEMOSA,2021-04-30,44
5213,103700375,25351007742,CIMICIFUGA RACEMOSA,2021-05-31,73
5213,103700375,25351007742,CIMICIFUGA RACEMOSA,2021-06-30,12
5213,103700375,25351007742,CIMICIFUGA RACEMOSA,2021-07-31,8
5213,103700375,25351007742,CIMICIFUGA RACEMOSA,2021-08-31,1
5213,103700375,25351007742,CIMICIFUGA RACEMOSA,2021-09-30,10
5213,103700375,25351007742,CIMICIFUGA RACEMOSA,2021-10-31,6
5213,103700375,25351007742,CIMICIFUGA RACEMOSA,2021-11-30,102
5213,103700375,25351007742,CIMICIFUGA RACEMOSA,2021-12-31,27
5213,103700375,25351007742,CIMICIFUGA RACEMOSA,2022-01-31,37
5394,102980330,25351018088,CITOCAINA,2020-02-29,8
5394,102980330,25351018088,CITOCAINA,2020-03-31,0
5394,102980330,25351018088,CITOCAINA,2020-04-30,21
5394,102980330,25351018088,CITOCAINA,2020-05-31,54
5394,102980330,25351018088,CITOCAINA,2020-06-30,29
5394,102980330,25351018088,CITOCAINA,2020-07-31,96
5394,102980330,25351018088,CITOCAINA,2020-08-31,4
5394,102980330,25351018088,CITOCAINA,2020-09-30,49
5394,102980330,25351018088,CITOCAINA,2020-10-31,17
5394,102980330,25351018088,CITOCAINA,2020-11-30,49
5394,102980330,25351018088,CITOCAINA,2020-12-31,38
5394,102980330,25351018088,CITOCAINA,2021-01-31,6
5394,102980330,25351018088,CITOCAINA,2021-02-28,15
5394,102980330,25351018088,CITOCAINA,2021-03-31,58
5394,102980330,25351018088,CITOCAINA,2021-04-30,13
5394,102980330,25351018088,CITOCAINA,2021-05-31,22
5394,102980330,25351018088,CITOCAINA,2021-06-30,29
5394,102980330,25351018088,CITOCAINA,2021-07-31,20
5394,102980330,25351018088,CITOCAINA,2021-08-31,61
5394,102980330,25351018088,CITOCAINA,2021-09-30,5
5394,102980330,25351018088,CITOCAINA,2021-10-31,20
5394,102980330,25351018088,CITOCAINA,2021-11-30,22
5394,102980330,25351018088,CITOCAINA,2021-12-31,0
5394,102980330,25351018088,CITOCAINA,2022-01-31,11
5429,113001114,25351058208,CITRATO DE SILDENAFILA,2020-02-29,103
5429,113001114,25351058208,CITRATO DE SILDENAFILA,2020-03-31,27
5429,113001114,25351058208,CITRATO DE SILDENAFILA,2020-04-30,5
5429,113001114,25351058208,CITRATO DE SILDENAFILA,2020-05-31,2
5429,113001114,25351058208,CITRATO DE SILDENAFILA,2020-06-30,99
5429,113001114,25351058208,CITRATO DE SILDENAFILA,2020-07-31,32
5429,113001114,25351058208,CITRATO DE SILDENAFILA,2020-08-31,13
5429,113001114,25351058208,CITRATO DE SILDENAFILA,2020-09-30,7
5429,113001114,25351058208,CITRATO DE SILDENAFILA,2020-10-31,51
5429,113001114,25351058208,CITRATO DE SILDENAFILA,2020-11-30,25
5429,113001114,25351058208,CITRATO DE SILDENAFILA,2020-12-31,23
5429,113001114,25351058208,CITRATO DE SILDENAFILA,2021-01-31,6
5429,113001114,25351058208,CITRATO DE SILDENAFILA,2021-02-28,87
5429,113001114,25351058208,CITRATO DE SILDENAFILA,2021-03-31,20
5429,113001114,25351058208,CITRATO DE SILDENAFILA,2021-04-30,68
5429,113001114,25351058208,CITRATO DE SILDENAFILA,2021-05-31,34
5429,113001114,25351058208,CITRATO DE SILDENAFILA,2021-06-30,4
5429,113001114,25351058208,CITRATO DE SILDENAFILA,2021-07-31,51
5429,113001114,25351058208,CITRATO DE SILDENAFILA,2021-08-31,6
5429,113001114,25351058208,CITRATO DE SILDENAFILA,2021-09-30,110
5429,113001114,25351058208,CITRATO DE SILDENAFILA,2021-10-31,4
5429,113001114,25351058208,CITRATO DE SILDENAFILA,2021-11-30,13
5429,113001114,25351058208,CITRATO DE SILDENAFILA,2021-12-31,130
5429,113001114,25351058208,CITRATO DE SILDENAFILA,2022-01-31,24
6428,101810413,25351199631,CLORIDRATO DE NAFAZOLINA,2020-02-29,15
6428,101810413,25351199631,CLORIDRATO DE NAFAZOLINA,2020-03-31,24
6428,101810413,25351199631,CLORIDRATO DE NAFAZOLINA,2020-04-30,45
6428,101810413,25351199631,CLORIDRATO DE NAFAZOLINA,2020-05-31,9
6428,101810413,25351199631,CLORIDRATO DE NAFAZOLINA,2020-06-30,18
6428,101810413,25351199631,CLORIDRATO DE NAFAZOLINA,2020-07-31,37
6428,101810413,25351199631,CLORIDRATO DE NAFAZOLINA,2020-08-31,40
6428,101810413,25351199631,CLORIDRATO DE NAFAZOLINA,2020-09-30,14
6428,101810413,25351199631,CLORIDRATO DE NAFAZOLINA,2020-10-31,0
6428,101810413,25351199631,CLORIDRATO DE NAFAZOLINA,2020-11-30,61
6428,101810413,25351199631,CLORIDRATO DE NAFAZOLINA,2020-12-31,1
6428,101810413,25351199631,CLORIDRATO DE NAFAZOLINA,2021-01-31,1
6428,101810413,25351199631,CLORIDRATO DE NAFAZOLINA,2021-02-28,14
6428,101810413,25351199631,CLORIDRATO DE NAFAZOLINA,2021-03-31,100
6428,101810413,25351199631,CLORIDRATO DE NAFAZOLINA,2021-04-30,20
6428,101810413,25351199631,CLORIDRATO DE NAFAZOLINA,2021-05-31,6
6428,101810413,25351199631,CLORIDRATO DE NAFAZOLINA,2021-06-30,73
6428,101810413,25351199631,CLORIDRATO DE NAFAZOLINA,2021-07-31,29
6428,101810413,25351199631,CLORIDRATO DE NAFAZOLINA,2021-08-31,14
6428,101810413,25351199631,CLORIDRATO DE NAFAZOLINA,2021-09-30,35
6428,101810413,25351199631,CLORIDRATO DE NAFAZOLINA,2021-10-31,90
6428,101810413,25351199631,CLORIDRATO DE NAFAZOLINA,2021-11-30,53
6428,101810413,25351199631,CLORIDRATO DE NAFAZOLINA,2021-12-31,37
6428,101810413,25351199631,CLORIDRATO DE NAFAZOLINA,2022-01-31,1
6757,105830789,25351607084,CLORIDRATO DE TRAZODONA,2020-02-29,105
6757,105830789,25351607084,CLORIDRATO DE TRAZODONA,2020-03-31,64
6757,105830789,25351607084,CLORIDRATO DE TRAZODONA,2020-04-30,4
6757,105830789,25351607084,CLORIDRATO DE TRAZODONA,2020-05-31,49
6757,105830789,25351607084,CLORIDRATO DE TRAZODONA,2020-06-30,6
6757,105830789,25351607084,CLORIDRATO DE TRAZODONA,2020-07-31,17
6757,105830789,25351607084,CLORIDRATO DE TRAZODONA,2020-08-31,67
6757,105830789,25351607084,CLORIDRATO DE TRAZODONA,2020-09-30,44
6757,105830789,25351607084,CLORIDRATO DE TRAZODONA,2020-10-31,23
6757,105830789,25351607084,CLORIDRATO DE TRAZODONA,2020-11-30,12
6757,105830789,25351607084,CLORIDRATO DE TRAZODONA,2020-12-31,16
6757,105830789,25351607084,CLORIDRATO DE TRAZODONA,2021-01-31,13
6757,105830789,25351607084,CLORIDRATO DE TRAZODONA,2021-02-28,21
6757,105830789,25351607084,CLORIDRATO DE TRAZODONA,2021-03-31,30
6757,105830789,25351607084,CLORIDRATO DE TRAZODONA,2021-04-30,88
6757,105830789,25351607084,CLORIDRATO DE TRAZODONA,2021-05-31,57
6757,105830789,25351607084,CLORIDRATO DE TRAZODONA,2021-06-30,12
6757,105830789,25351607084,CLORIDRATO DE TRAZODONA,2021-07-31,28
6757,105830789,25351607084,CLORIDRATO DE TRAZODONA,2021-08-31,0
6757,105830789,25351607084,CLORIDRATO DE TRAZODONA,2021-09-30,8
6757,105830789,25351607084,CLORIDRATO DE TRAZODONA,2021-10-31,158
6757,105830789,25351607084,CLORIDRATO DE TRAZODONA,2021-11-30,52
6757,105830789,25351607084,CLORIDRATO DE TRAZODONA,2021-12-31,6
6757,105830789,25351607084,CLORIDRATO DE TRAZODONA,2022-01-31,1
7087,102660086,25992017400,COMPLEXO HOMEOPÁTICO BELLADONNA ALMEIDA PRADO 42,2020-02-29,65
7087,102660086,25992017400,COMPLEXO HOMEOPÁTICO BELLADONNA ALMEIDA PRADO 42,2020-03-31,3
7087,102660086,25992017400,COMPLEXO HOMEOPÁTICO BELLADONNA ALMEIDA PRADO 42,2020-04-30,3
7087,102660086,25992017400,COMPLEXO HOMEOPÁTICO BELLADONNA ALMEIDA PRADO 42,2020-05-31,13
7087,102660086,25992017400,COMPLEXO HOMEOPÁTICO BELLADONNA ALMEIDA PRADO 42,2020-06-30,29
7087,102660086,25992017400,COMPLEXO HOMEOPÁTICO BELLADONNA ALMEIDA PRADO 42,2020-07-31,0
7087,102660086,25992017400,COMPLEXO HOMEOPÁTICO BELLADONNA ALMEIDA PRADO 42,2020-08-31,33
7087,102660086,25992017400,COMPLEXO HOMEOPÁTICO BELLADONNA ALMEIDA PRADO 42,2020-09-30,13
7087,102660086,25992017400,COMPLEXO HOMEOPÁTICO BELLADONNA ALMEIDA PRADO 42,2020-10-31,45
7087,102660086,25992017400,COMPLEXO HOMEOPÁTICO BELLADONNA ALMEIDA PRADO 42,2020-11-30,19
7087,102660086,25992017400,COMPLEXO HOMEOPÁTICO BELLADONNA ALMEIDA PRADO 42,2020-12-31,85
7087,102660086,25992017400,COMPLEXO HOMEOPÁTICO BELLADONNA ALMEIDA PRADO 42,2021-01-31,11
7087,102660086,25992017400,COMPLEXO HOMEOPÁTICO BELLADONNA ALMEIDA PRADO 42,2021-02-28,32
7087,102660086,25992017400,COMPLEXO HOMEOPÁTICO BELLADONNA ALMEIDA PRADO 42,2021-03-31,69
7087,102660086,25992017400,COMPLEXO HOMEOPÁTICO BELLADONNA ALMEIDA PRADO 42,2021-04-30,18
7087,102660086,25992017400,COMPLEXO HOMEOPÁTICO BELLADONNA ALMEIDA PRADO 42,2021-05-31,76
7087,102660086,25992017400,COMPLEXO HOMEOPÁTICO BELLADONNA ALMEIDA PRADO 42,2021-06-30,14
7087,102660086,25992017400,COMPLEXO HOMEOPÁTICO BELLADONNA ALMEIDA PRADO 42,2021-07-31,14
7087,102660086,25992017400,COMPLEXO HOMEOPÁTICO BELLADONNA ALMEIDA PRADO 42,2021-08-31,10
7087,102660086,25992017400,COMPLEXO HOMEOPÁTICO BELLADONNA ALMEIDA PRADO 42,2021-09-30,10
7087,102660086,25992017400,COMPLEXO HOMEOPÁTICO BELLADONNA ALMEIDA PRADO 42,2021-10-31,17
7087,102660086,25992017400,COMPLEXO HOMEOPÁTICO BELLADONNA ALMEIDA PRADO 42,2021-11-30,15
7087,102660086,25992017400,COMPLEXO HOMEOPÁTICO BELLADONNA ALMEIDA PRADO 42,2021-12-31,27
7087,102660086,25992017400,COMPLEXO HOMEOPÁTICO BELLADONNA ALMEIDA PRADO 42,2022-01-31,1
7302,101800280,25351194546,COUMADIN,2020-02-29,63
7302,101800280,25351194546,COUMADIN,2020-03-31,5
7302,101800280,25351194546,COUMADIN,2020-04-30,5
7302,101800280,25351194546,COUMADIN,2020-05-31,92
7302,101800280,25351194546,COUMADIN,2020-06-30,61
7302,101800280,25351194546,COUMADIN,2020-07-31,0
7302,101800280,25351194546,COUMADIN,2020-08-31,6
7302,101800280,25351194546,COUMADIN,2020-09-30,63
7302,101800280,25351194546,COUMADIN,2020-10-31,11
7302,101800280,25351194546,COUMADIN,2020-11-30,28
7302,101800280,25351194546,COUMADIN,2020-12-31,46
7302,101800280,25351194546,COUMADIN,2021-01-31,4
7302,101800280,25351194546,COUMADIN,2021-02-28,17
7302,101800280,25351194546,COUMADIN,2021-03-31,34
7302,101800280,25351194546,COUMADIN,2021-04-30,5
7302,101800280,25351194546,COUMADIN,2021-05-31,25
7302,101800280,25351194546,COUMADIN,2021-06-30,60
7302,101800280,25351194546,COUMADIN,2021-07-31,47
7302,101800280,25351194546,COUMADIN,2021-08-31,62
7302,101800280,25351194546,COUMADIN,2021-09-30,11
7302,101800280,25351194546,COUMADIN,2021-10-31,1
7302,101800280,25351194546,COUMADIN,2021-11-30,3
7302,101800280,25351194546,COUMADIN,2021-12-31,12
7302,101800280,25351194546,COUMADIN,2022-01-31,2
7952,103920070,25000015663,DERMONIL,2020-02-29,15
7952,103920070,25000015663,DERMONIL,2020-03-31,34
7952,103920070,25000015663,DERMONIL,2020-04-30,14
7952,103920070,25000015663,DERMONIL,2020-05-31,12
7952,103920070,25000015663,DERMONIL,2020-06-30,35
7952,103920070,25000015663,DERMONIL,2020-07-31,1
7952,103920070,25000015663,DERMONIL,2020-08-31,66
7952,103920070,25000015663,DERMONIL,2020-09-30,52
7952,103920070,25000015663,DERMONIL,2020-10-31,29
7952,103920070,25000015663,DERMONIL,2020-11-30,41
7952,103920070,25000015663,DERMONIL,2020-12-31,3
7952,103920070,25000015663,DERMONIL,2021-01-31,43
7952,103920070,25000015663,DERMONIL,2021-02-28,45
7952,103920070,25000015663,DERMONIL,2021-03-31,9
7952,103920070,25000015663,DERMONIL,2021-04-30,146
7952,103920070,25000015663,DERMONIL,2021-05-31,2
7952,103920070,25000015663,DERMONIL,2021-06-30,21
7952,103920070,25000015663,DERMONIL,2021-07-31,12
7952,103920070,25000015663,DERMONIL,2021-08-31,14
7952,103920070,25000015663,DERMONIL,2021-09-30,35
7952,103920070,25000015663,DERMONIL,2021-10-31,60
7952,103920070,25000015663,DERMONIL,2021-11-30,41
7952,103920070,25000015663,DERMONIL,2021-12-31,31
7952,103920070,25000015663,DERMONIL,2022-01-31,44
8648,123890102,25000015663,DILTIZEM,2020-02-29,3
8648,123890102,25000015663,DILTIZEM,2020-03-31,39
8648,123890102,25000015663,DILTIZEM,2020-04-30,28
8648,123890102,25000015663,DILTIZEM,2020-05-31,139
8648,123890102,25000015663,DILTIZEM,2020-06-30,5
8648,123890102,25000015663,DILTIZEM,2020-07-31,116
8648,123890102,25000015663,DILTIZEM,2020-08-31,59
8648,123890102,25000015663,DILTIZEM,2020-09-30,40
8648,123890102,25000015663,DILTIZEM,2020-10-31,15
8648,123890102,25000015663,DILTIZEM,2020-11-30,8
8648,123890102,25000015663,DILTIZEM,2020-12-31,13
8648,123890102,25000015663,DILTIZEM,2021-01-31,30
8648,123890102,25000015663,DILTIZEM,2021-02-28,149
8648,123890102,25000015663,DILTIZEM,2021-03-31,53
8648,123890102,25000015663,DILTIZEM,2021-04-30,95
8648,123890102,25000015663,DILTIZEM,2021-05-31,5
8648,123890102,25000015663,DILTIZEM,2021-06-30,8
8648,123890102,25000015663,DILTIZEM,2021-07-31,58
8648,123890102,25000015663,DILTIZEM,2021-08-31,81
8648,123890102,25000015663,DILTIZEM,2021-09-30,5
8648,123890102,25000015663,DILTIZEM,2021-10-31,27
8648,123890102,25000015663,DILTIZEM,2021-11-30,92
8648,123890102,25000015663,DILTIZEM,2021-12-31,23
8648,123890102,25000015663,DILTIZEM,2022-01-31,62
8701,102980363,25351045723,DIMORF,2020-02-29,0
8701,102980363,25351045723,DIMORF,2020-03-31,179
8701,102980363,25351045723,DIMORF,2020-04-30,14
8701,102980363,25351045723,DIMORF,2020-05-31,71
8701,102980363,25351045723,DIMORF,2020-06-30,15
8701,102980363,25351045723,DIMORF,2020-07-31,1
8701,102980363,25351045723,DIMORF,2020-08-31,12
8701,102980363,25351045723,DIMORF,2020-09-30,7
8701,102980363,25351045723,DIMORF,2020-10-31,28
8701,102980363,25351045723,DIMORF,2020-11-30,28
8701,102980363,25351045723,DIMORF,2020-12-31,11
8701,102980363,25351045723,DIMORF,2021-01-31,90
8701,102980363,25351045723,DIMORF,2021-02-28,9
8701,102980363,25351045723,DIMORF,2021-03-31,25
8701,102980363,25351045723,DIMORF,2021-04-30,7
8701,102980363,25351045723,DIMORF,2021-05-31,3
8701,102980363,25351045723,DIMORF,2021-06-30,24
8701,102980363,25351045723,DIMORF,2021-07-31,6
8701,102980363,25351045723,DIMORF,2021-08-31,27
8701,102980363,25351045723,DIMORF,2021-09-30,56
8701,102980363,25351045723,DIMORF,2021-10-31,35
8701,102980363,25351045723,DIMORF,2021-11-30,6
8701,102980363,25351045723,DIMORF,2021-12-31,30
8701,102980363,25351045723,DIMORF,2022-01-31,103
9862,178170062,25351651519,ENZICOBA,2020-02-29,13
9862,178170062,25351651519,ENZICOBA,2020-03-31,2
9862,178170062,25351651519,ENZICOBA,2020-04-30,0
9862,178170062,25351651519,ENZICOBA,2020-05-31,17
9862,178170062,25351651519,ENZICOBA,2020-06-30,44
9862,178170062,25351651519,ENZICOBA,2020-07-31,26
9862,178170062,25351651519,ENZICOBA,2020-08-31,110
9862,178170062,25351651519,ENZICOBA,2020-09-30,114
9862,178170062,25351651519,ENZICOBA,2020-10-31,71
9862,178170062,25351651519,ENZICOBA,2020-11-30,20
9862,178170062,25351651519,ENZICOBA,2020-12-31,30
9862,178170062,25351651519,ENZICOBA,2021-01-31,40
9862,178170062,25351651519,ENZICOBA,2021-02-28,174
9862,178170062,25351651519,ENZICOBA,2021-03-31,28
9862,178170062,25351651519,ENZICOBA,2021-04-30,6
9862,178170062,25351651519,ENZICOBA,2021-05-31,33
9862,178170062,25351651519,ENZICOBA,2021-06-30,41
9862,178170062,25351651519,ENZICOBA,2021-07-31,12
9862,178170062,25351651519,ENZICOBA,2021-08-31,0
9862,178170062,25351651519,ENZICOBA,2021-09-30,3
9862,178170062,25351651519,ENZICOBA,2021-10-31,9
9862,178170062,25351651519,ENZICOBA,2021-11-30,104
9862,178170062,25351651519,ENZICOBA,2021-12-31,48
9862,178170062,25351651519,ENZICOBA,2022-01-31,5
9994,108860014,25000002856,ERMOTIDINA,2020-02-29,15
9994,108860014,25000002856,ERMOTIDINA,2020-03-31,31
9994,108860014,25000002856,ERMOTIDINA,2020-04-30,47
9994,108860014,25000002856,ERMOTIDINA,2020-05-31,12
9994,108860014,25000002856,ERMOTIDINA,2020-06-30,4
9994,108860014,25000002856,ERMOTIDINA,2020-07-31,13
9994,108860014,25000002856,ERMOTIDINA,2020-08-31,43
9994,108860014,25000002856,ERMOTIDINA,2020-09-30,46
9994,108860014,25000002856,ERMOTIDINA,2020-10-31,1
9994,108860014,25000002856,ERMOTIDINA,2020-11-30,4
9994,108860014,25000002856,ERMOTIDINA,2020-12-31,0
9994,108860014,25000002856,ERMOTIDINA,2021-01-31,15
9994,108860014,25000002856,ERMOTIDINA,2021-02-28,13
9994,108860014,25000002856,ERMOTIDINA,2021-03-31,2
9994,108860014,25000002856,ERMOTIDINA,2021-04-30,90
9994,108860014,25000002856,ERMOTIDINA,2021-05-31,47
9994,108860014,25000002856,ERMOTIDINA,2021-06-30,38
9994,108860014,25000002856,ERMOTIDINA,2021-07-31,9
9994,108860014,25000002856,ERMOTIDINA,2021-08-31,82
9994,108860014,25000002856,ERMOTIDINA,2021-09-30,13
9994,108860014,25000002856,ERMOTIDINA,2021-10-31,10
9994,108860014,25000002856,ERMOTIDINA,2021-11-30,29
9994,108860014,25000002856,ERMOTIDINA,2021-12-31,24
9994,108860014,25000002856,ERMOTIDINA,2022-01-31,2
10411,112130296,25351030547,EXPANGEL 4%,2020-02-29,34
10411,112130296,25351030547,EXPANGEL 4%,2020-03-31,0
10411,112130296,25351030547,EXPANGEL 4%,2020-04-30,92
10411,112130296,25351030547,EXPANGEL 4%,2020-05-31,7
10411,112130296,25351030547,EXPANGEL 4%,2020-06-30,4
10411,112130296,25351030547,EXPANGEL 4%,2020-07-31,33
10411,112130296,25351030547,EXPANGEL 4%,2020-08-31,26
10411,112130296,25351030547,EXPANGEL 4%,2020-09-30,20
10411,112130296,25351030547,EXPANGEL 4%,2020-10-31,7
10411,112130296,25351030547,EXPANGEL 4%,2020-11-30,106
10411,112130296,25351030547,EXPANGEL 4%,2020-12-31,6
10411,112130296,25351030547,EXPANGEL 4%,2021-01-31,16
10411,112130296,25351030547,EXPANGEL 4%,2021-02-28,5
10411,112130296,25351030547,EXPANGEL 4%,2021-03-31,16
10411,112130296,25351030547,EXPANGEL 4%,2021-04-30,106
10411,112130296,25351030547,EXPANGEL 4%,2021-05-31,15
10411,112130296,25351030547,EXPANGEL 4%,2021-06-30,23
10411,112130296,25351030547,EXPANGEL 4%,2021-07-31,13
10411,112130296,25351030547,EXPANGEL 4%,2021-08-31,39
10411,112130296,25351030547,EXPANGEL 4%,2021-09-30,4
10411,112130296,25351030547,EXPANGEL 4%,2021-10-31,0
10411,112130296,25351030547,EXPANGEL 4%,2021-11-30,16
10411,112130296,25351030547,EXPANGEL 4%,2021-12-31,130
10411,112130296,25351030547,EXPANGEL 4%,2022-01-31,39
11001,135690311,25351195661,FINASTERIDA,2020-02-29,1
11001,135690311,25351195661,FINASTERIDA,2020-03-31,9
11001,135690311,25351195661,FINASTERIDA,2020-04-30,34
11001,135690311,25351195661,FINASTERIDA,2020-05-31,6
11001,135690311,25351195661,FINASTERIDA,2020-06-30,9
11001,135690311,25351195661,FINASTERIDA,2020-07-31,5
11001,135690311,25351195661,FINASTERIDA,2020-08-31,23
11001,135690311,25351195661,FINASTERIDA,2020-09-30,14
11001,135690311,25351195661,FINASTERIDA,2020-10-31,8
11001,135690311,25351195661,FINASTERIDA,2020-11-30,1
11001,135690311,25351195661,FINASTERIDA,2020-12-31,11
11001,135690311,25351195661,FINASTERIDA,2021-01-31,8
11001,135690311,25351195661,FINASTERIDA,2021-02-28,44
11001,135690311,25351195661,FINASTERIDA,2021-03-31,37
11001,135690311,25351195661,FINASTERIDA,2021-04-30,44
11001,135690311,25351195661,FINASTERIDA,2021-05-31,60
11001,135690311,25351195661,FINASTERIDA,2021-06-30,13
11001,135690311,25351195661,FINASTERIDA,2021-07-31,42
11001,135690311,25351195661,FINASTERIDA,2021-08-31,94
11001,135690311,25351195661,FINASTERIDA,2021-09-30,0
11001,135690311,25351195661,FINASTERIDA,2021-10-31,57
11001,135690311,25351195661,FINASTERIDA,2021-11-30,7
11001,135690311,25351195661,FINASTERIDA,2021-12-31,63
11001,135690311,25351195661,FINASTERIDA,2022-01-31,107
11073,105730252,25000004041,FLAGASS BABY,2020-02-29,3
11073,105730252,25000004041,FLAGASS BABY,2020-03-31,39
11073,105730252,25000004041,FLAGASS BABY,2020-04-30,10
11073,105730252,25000004041,FLAGASS BABY,2020-05-31,95
11073,105730252,25000004041,FLAGASS BABY,2020-06-30,45
11073,105730252,25000004041,FLAGASS BABY,2020-07-31,37
11073,105730252,25000004041,FLAGASS BABY,2020-08-31,0
11073,105730252,25000004041,FLAGASS BABY,2020-09-30,25
11073,105730252,25000004041,FLAGASS BABY,2020-10-31,28
11073,105730252,25000004041,FLAGASS BABY,2020-11-30,10
11073,105730252,25000004041,FLAGASS BABY,2020-12-31,21
11073,105730252,25000004041,FLAGASS BABY,2021-01-31,97
11073,105730252,25000004041,FLAGASS BABY,2021-02-28,8
11073,105730252,25000004041,FLAGASS BABY,2021-03-31,30
11073,105730252,25000004041,FLAGASS BABY,2021-04-30,0
11073,105730252,25000004041,FLAGASS BABY,2021-05-31,100
11073,105730252,25000004041,FLAGASS BABY,2021-06-30,10
11073,105730252,25000004041,FLAGASS BABY,2021-07-31,0
11073,105730252,25000004041,FLAGASS BABY,2021-08-31,24
11073,105730252,25000004041,FLAGASS BABY,2021-09-30,25
11073,105730252,25000004041,FLAGASS BABY,2021-10-31,119
11073,105730252,25000004041,FLAGASS BABY,2021-11-30,1
11073,105730252,25000004041,FLAGASS BABY,2021-12-31,186
11073,105730252,25000004041,FLAGASS BABY,2022-01-31,2
11477,178170078,25351028931,FONERGIN,2020-02-29,12
11477,178170078,25351028931,FONERGIN,2020-03-31,4
11477,178170078,25351028931,FONERGIN,2020-04-30,29
11477,178170078,25351028931,FONERGIN,2020-05-31,7
11477,178170078,25351028931,FONERGIN,2020-06-30,96
11477,178170078,25351028931,FONERGIN,2020-07-31,4
11477,178170078,25351028931,FONERGIN,2020-08-31,44
11477,178170078,25351028931,FONERGIN,2020-09-30,11
11477,178170078,25351028931,FONERGIN,2020-10-31,58
11477,178170078,25351028931,FONERGIN,2020-11-30,0
11477,178170078,25351028931,FONERGIN,2020-12-31,105
11477,178170078,25351028931,FONERGIN,2021-01-31,71
11477,178170078,25351028931,FONERGIN,2021-02-28,117
11477,178170078,25351028931,FONERGIN,2021-03-31,0
11477,178170078,25351028931,FONERGIN,2021-04-30,13
11477,178170078,25351028931,FONERGIN,2021-05-31,106
11477,178170078,25351028931,FONERGIN,2021-06-30,61
11477,178170078,25351028931,FONERGIN,2021-07-31,13
11477,178170078,25351028931,FONERGIN,2021-08-31,9
11477,178170078,25351028931,FONERGIN,2021-09-30,19
11477,178170078,25351028931,FONERGIN,2021-10-31,122
11477,178170078,25351028931,FONERGIN,2021-11-30,70
11477,178170078,25351028931,FONERGIN,2021-12-31,7
11477,178170078,25351028931,FONERGIN,2022-01-31,47
12015,100470115,25000007935,FÓRMULA 28,2020-02-29,3
12015,100470115,25000007935,FÓRMULA 28,2020-03-31,44
12015,100470115,25000007935,FÓRMULA 28,2020-04-30,11
12015,100470115,25000007935,FÓRMULA 28,2020-05-31,2
12015,100470115,25000007935,FÓRMULA 28,2020-06-30,1
12015,100470115,25000007935,FÓRMULA 28,2020-07-31,17
12015,100470115,25000007935,FÓRMULA 28,2020-08-31,37
12015,100470115,25000007935,FÓRMULA 28,2020-09-30,4
12015,100470115,25000007935,FÓRMULA 28,2020-10-31,67
12015,100470115,25000007935,FÓRMULA 28,2020-11-30,45
12015,100470115,25000007935,FÓRMULA 28,2020-12-31,31
12015,100470115,25000007935,FÓRMULA 28,2021-01-31,7
12015,100470115,25000007935,FÓRMULA 28,2021-02-28,71
12015,100470115,25000007935,FÓRMULA 28,2021-03-31,1
12015,100470115,25000007935,FÓRMULA 28,2021-04-30,0
12015,100470115,25000007935,FÓRMULA 28,2021-05-31,10
12015,100470115,25000007935,FÓRMULA 28,2021-06-30,0
12015,100470115,25000007935,FÓRMULA 28,2021-07-31,89
12015,100470115,25000007935,FÓRMULA 28,2021-08-31,0
12015,100470115,25000007935,FÓRMULA 28,2021-09-30,4
12015,100470115,25000007935,FÓRMULA 28,2021-10-31,107
12015,100470115,25000007935,FÓRMULA 28,2021-11-30,24
12015,100470115,25000007935,FÓRMULA 28,2021-12-31,0
12015,100470115,25000007935,FÓRMULA 28,2022-01-31,23
13396,121070008,25351039879,HIPERIFLORA,2020-02-29,4
13396,121070008,25351039879,HIPERIFLORA,2020-03-31,4
13396,121070008,25351039879,HIPERIFLORA,2020-04-30,25
13396,121070008,25351039879,HIPERIFLORA,2020-05-31,68
13396,121070008,25351039879,HIPERIFLORA,2020-06-30,54
13396,121070008,25351039879,HIPERIFLORA,2020-07-31,104
13396,121070008,25351039879,HIPERIFLORA,2020-08-31,3
13396,121070008,25351039879,HIPERIFLORA,2020-09-30,41
13396,121070008,25351039879,HIPERIFLORA,2020-10-31,43
13396,121070008,25351039879,HIPERIFLORA,2020-11-30,1
13396,121070008,25351039879,HIPERIFLORA,2020-12-31,1
13396,121070008,25351039879,HIPERIFLORA,2021-01-31,41
13396,121070008,25351039879,HIPERIFLORA,2021-02-28,0
13396,121070008,25351039879,HIPERIFLORA,2021-03-31,26
13396,121070008,25351039879,HIPERIFLORA,2021-04-30,3
13396,121070008,25351039879,HIPERIFLORA,2021-05-31,35
13396,121070008,25351039879,HIPERIFLORA,2021-06-30,7
13396,121070008,25351039879,HIPERIFLORA,2021-07-31,16
13396,121070008,25351039879,HIPERIFLORA,2021-08-31,42
13396,121070008,25351039879,HIPERIFLORA,2021-09-30,37
13396,121070008,25351039879,HIPERIFLORA,2021-10-31,64
13396,121070008,25351039879,HIPERIFLORA,2021-11-30,24
13396,121070008,25351039879,HIPERIFLORA,2021-12-31,19
13396,121070008,25351039879,HIPERIFLORA,2022-01-31,36
13426,126750353,25351407297,HIPOVAS,2020-02-29,54
13426,126750353,25351407297,HIPOVAS,2020-03-31,0
13426,126750353,25351407297,HIPOVAS,2020-04-30,26
13426,126750353,25351407297,HIPOVAS,2020-05-31,5
13426,126750353,25351407297,HIPOVAS,2020-06-30,39
13426,126750353,25351407297,HIPOVAS,2020-07-31,132
13426,126750353,25351407297,HIPOVAS,2020-08-31,3
13426,126750353,25351407297,HIPOVAS,2020-09-30,27
13426,126750353,25351407297,HIPOVAS,2020-10-31,43
13426,126750353,25351407297,HIPOVAS,2020-11-30,110
13426,126750353,25351407297,HIPOVAS,2020-12-31,66
13426,126750353,25351407297,HIPOVAS,2021-01-31,37
13426,126750353,25351407297,HIPOVAS,2021-02-28,4
13426,126750353,25351407297,HIPOVAS,2021-03-31,27
13426,126750353,25351407297,HIPOVAS,2021-04-30,86
13426,126750353,25351407297,HIPOVAS,2021-05-31,9
13426,126750353,25351407297,HIPOVAS,2021-06-30,28
13426,126750353,25351407297,HIPOVAS,2021-07-31,36
13426,126750353,25351407297,HIPOVAS,2021-08-31,44
13426,126750353,25351407297,HIPOVAS,2021-09-30,1
13426,126750353,25351407297,HIPOVAS,2021-10-31,26
13426,126750353,25351407297,HIPOVAS,2021-11-30,51
13426,126750353,25351407297,HIPOVAS,2021-12-31,72
13426,126750353,25351407297,HIPOVAS,2022-01-31,3
13460,115570061,25351016686,HIZOFITO,2020-02-29,12
13460,115570061,25351016686,HIZOFITO,2020-03-31,7
13460,115570061,25351016686,HIZOFITO,2020-04-30,5
13460,115570061,25351016686,HIZOFITO,2020-05-31,12
13460,115570061,25351016686,HIZOFITO,2020-06-30,46
13460,115570061,25351016686,HIZOFITO,2020-07-31,2
13460,115570061,25351016686,HIZOFITO,2020-08-31,4
13460,115570061,25351016686,HIZOFITO,2020-09-30,8
13460,115570061,25351016686,HIZOFITO,2020-10-31,16
13460,115570061,25351016686,HIZOFITO,2020-11-30,44
13460,115570061,25351016686,HIZOFITO,2020-12-31,58
13460,115570061,25351016686,HIZOFITO,2021-01-31,198
13460,115570061,25351016686,HIZOFITO,2021-02-28,62
13460,115570061,25351016686,HIZOFITO,2021-03-31,105
13460,115570061,25351016686,HIZOFITO,2021-04-30,55
13460,115570061,25351016686,HIZOFITO,2021-05-31,74
13460,115570061,25351016686,HIZOFITO,2021-06-30,102
13460,115570061,25351016686,HIZOFITO,2021-07-31,143
13460,115570061,25351016686,HIZOFITO,2021-08-31,6
13460,115570061,25351016686,HIZOFITO,2021-09-30,0
13460,115570061,25351016686,HIZOFITO,2021-10-31,40
13460,115570061,25351016686,HIZOFITO,2021-11-30,7
13460,115570061,25351016686,HIZOFITO,2021-12-31,35
13460,115570061,25351016686,HIZOFITO,2022-01-31,52
14422,105250010,25351021231,KARVIL,2020-02-29,137
14422,105250010,25351021231,KARVIL,2020-03-31,51
14422,105250010,25351021231,KARVIL,2020-04-30,39
14422,105250010,25351021231,KARVIL,2020-05-31,36
14422,105250010,25351021231,KARVIL,2020-06-30,9
14422,105250010,25351021231,KARVIL,2020-07-31,78
14422,105250010,25351021231,KARVIL,2020-08-31,41
14422,105250010,25351021231,KARVIL,2020-09-30,1
14422,105250010,25351021231,KARVIL,2020-10-31,7
14422,105250010,25351021231,KARVIL,2020-11-30,44
14422,105250010,25351021231,KARVIL,2020-12-31,1
14422,105250010,25351021231,KARVIL,2021-01-31,2
14422,105250010,25351021231,KARVIL,2021-02-28,7
14422,105250010,25351021231,KARVIL,2021-03-31,8
14422,105250010,25351021231,KARVIL,2021-04-30,7
14422,105250010,25351021231,KARVIL,2021-05-31,201
14422,105250010,25351021231,KARVIL,2021-06-30,31
14422,105250010,25351021231,KARVIL,2021-07-31,62
14422,105250010,25351021231,KARVIL,2021-08-31,187
14422,105250010,25351021231,KARVIL,2021-09-30,50
14422,105250010,25351021231,KARVIL,2021-10-31,32
14422,105250010,25351021231,KARVIL,2021-11-30,17
14422,105250010,25351021231,KARVIL,2021-12-31,34
14422,105250010,25351021231,KARVIL,2022-01-31,14
15026,105350131,25351006430,LERGITEC,2020-02-29,44
15026,105350131,25351006430,LERGITEC,2020-03-31,67
15026,105350131,25351006430,LERGITEC,2020-04-30,12
15026,105350131,25351006430,LERGITEC,2020-05-31,14
15026,105350131,25351006430,LERGITEC,2020-06-30,115
15026,105350131,25351006430,LERGITEC,2020-07-31,41
15026,105350131,25351006430,LERGITEC,2020-08-31,27
15026,105350131,25351006430,LERGITEC,2020-09-30,47
15026,105350131,25351006430,LERGITEC,2020-10-31,31
15026,105350131,25351006430,LERGITEC,2020-11-30,86
15026,105350131,25351006430,LERGITEC,2020-12-31,27
15026,105350131,25351006430,LERGITEC,2021-01-31,0
15026,105350131,25351006430,LERGITEC,2021-02-28,20
15026,105350131,25351006430,LERGITEC,2021-03-31,66
15026,105350131,25351006430,LERGITEC,2021-04-30,26
15026,105350131,25351006430,LERGITEC,2021-05-31,49
15026,105350131,25351006430,LERGITEC,2021-06-30,44
15026,105350131,25351006430,LERGITEC,2021-07-31,2
15026,105350131,25351006430,LERGITEC,2021-08-31,3
15026,105350131,25351006430,LERGITEC,2021-09-30,93
15026,105350131,25351006430,LERGITEC,2021-10-31,33
15026,105350131,25351006430,LERGITEC,2021-11-30,4
15026,105350131,25351006430,LERGITEC,2021-12-31,25
15026,105350131,25351006430,LERGITEC,2022-01-31,49
15391,105830664,25351540251,LIPISTATINA,2020-02-29,46
15391,105830664,25351540251,LIPISTATINA,2020-03-31,45
15391,105830664,25351540251,LIPISTATINA,2020-04-30,34
15391,105830664,25351540251,LIPISTATINA,2020-05-31,20
15391,105830664,25351540251,LIPISTATINA,2020-06-30,28
15391,105830664,25351540251,LIPISTATINA,2020-07-31,84
15391,105830664,25351540251,LIPISTATINA,2020-08-31,42
15391,105830664,25351540251,LIPISTATINA,2020-09-30,124
15391,105830664,25351540251,LIPISTATINA,2020-10-31,1
15391,105830664,25351540251,LIPISTATINA,2020-11-30,196
15391,105830664,25351540251,LIPISTATINA,2020-12-31,17
15391,105830664,25351540251,LIPISTATINA,2021-01-31,55
15391,105830664,25351540251,LIPISTATINA,2021-02-28,10
15391,105830664,25351540251,LIPISTATINA,2021-03-31,31
15391,105830664,25351540251,LIPISTATINA,2021-04-30,50
15391,105830664,25351540251,LIPISTATINA,2021-05-31,28
15391,105830664,25351540251,LIPISTATINA,2021-06-30,1
15391,105830664,25351540251,LIPISTATINA,2021-07-31,2
15391,105830664,25351540251,LIPISTATINA,2021-08-31,113
15391,105830664,25351540251,LIPISTATINA,2021-09-30,104
15391,105830664,25351540251,LIPISTATINA,2021-10-31,78
15391,105830664,25351540251,LIPISTATINA,2021-11-30,24
15391,105830664,25351540251,LIPISTATINA,2021-12-31,66
15391,105830664,25351540251,LIPISTATINA,2022-01-31,128
16184,100431144,25351711333,MALEATO DE TRIMEBUTINA,2020-02-29,16
16184,100431144,25351711333,MALEATO DE TRIMEBUTINA,2020-03-31,130
16184,100431144,25351711333,MALEATO DE TRIMEBUTINA,2020-04-30,41
16184,100431144,25351711333,MALEATO DE TRIMEBUTINA,2020-05-31,10
16184,100431144,25351711333,MALEATO DE TRIMEBUTINA,2020-06-30,8
16184,100431144,25351711333,MALEATO DE TRIMEBUTINA,2020-07-31,70
16184,100431144,25351711333,MALEATO DE TRIMEBUTINA,2020-08-31,28
16184,100431144,25351711333,MALEATO DE TRIMEBUTINA,2020-09-30,43
16184,100431144,25351711333,MALEATO DE TRIMEBUTINA,2020-10-31,1
16184,100431144,25351711333,MALEATO DE TRIMEBUTINA,2020-11-30,101
16184,100431144,25351711333,MALEATO DE TRIMEBUTINA,2020-12-31,86
16184,100431144,25351711333,MALEATO DE TRIMEBUTINA,2021-01-31,60
16184,100431144,25351711333,MALEATO DE TRIMEBUTINA,2021-02-28,26
16184,100431144,25351711333,MALEATO DE TRIMEBUTINA,2021-03-31,17
16184,100431144,25351711333,MALEATO DE TRIMEBUTINA,2021-04-30,33
16184,100431144,25351711333,MALEATO DE TRIMEBUTINA,2021-05-31,14
16184,100431144,25351711333,MALEATO DE TRIMEBUTINA,2021-06-30,76
16184,100431144,25351711333,MALEATO DE TRIMEBUTINA,2021-07-31,5
16184,100431144,25351711333,MALEATO DE TRIMEBUTINA,2021-08-31,106
16184,100431144,25351711333,MALEATO DE TRIMEBUTINA,2021-09-30,1
16184,100431144,25351711333,MALEATO DE TRIMEBUTINA,2021-10-31,52
16184,100431144,25351711333,MALEATO DE TRIMEBUTINA,2021-11-30,17
16184,100431144,25351711333,MALEATO DE TRIMEBUTINA,2021-12-31,76
16184,100431144,25351711333,MALEATO DE TRIMEBUTINA,2022-01-31,4
16467,152750002,25351013110,MELISSAM,2020-02-29,165
16467,152750002,25351013110,MELISSAM,2020-03-31,43
16467,152750002,25351013110,MELISSAM,2020-04-30,45
16467,152750002,25351013110,MELISSAM,2020-05-31,87
16467,152750002,25351013110,MELISSAM,2020-06-30,4
16467,152750002,25351013110,MELISSAM,2020-07-31,3
16467,152750002,25351013110,MELISSAM,2020-08-31,86
16467,152750002,25351013110,MELISSAM,2020-09-30,52
16467,152750002,25351013110,MELISSAM,2020-10-31,44
16467,152750002,25351013110,MELISSAM,2020-11-30,42
16467,152750002,25351013110,MELISSAM,2020-12-31,0
16467,152750002,25351013110,MELISSAM,2021-01-31,12
16467,152750002,25351013110,MELISSAM,2021-02-28,2
16467,152750002,25351013110,MELISSAM,2021-03-31,38
16467,152750002,25351013110,MELISSAM,2021-04-30,108
16467,152750002,25351013110,MELISSAM,2021-05-31,0
16467,152750002,25351013110,MELISSAM,2021-06-30,0
16467,152750002,25351013110,MELISSAM,2021-07-31,13
16467,152750002,25351013110,MELISSAM,2021-08-31,85
16467,152750002,25351013110,MELISSAM,2021-09-30,72
16467,152750002,25351013110,MELISSAM,2021-10-31,28
16467,152750002,25351013110,MELISSAM,2021-11-30,17
16467,152750002,25351013110,MELISSAM,2021-12-31,31
16467,152750002,25351013110,MELISSAM,2022-01-31,47
16730,104400045,25992005368,METCORT,2020-02-29,135
16730,104400045,25992005368,METCORT,2020-03-31,5
16730,104400045,25992005368,METCORT,2020-04-30,49
16730,104400045,25992005368,METCORT,2020-05-31,125
16730,104400045,25992005368,METCORT,2020-06-30,64
16730,104400045,25992005368,METCORT,2020-07-31,18
16730,104400045,25992005368,METCORT,2020-08-31,1
16730,104400045,25992005368,METCORT,2020-09-30,107
16730,104400045,25992005368,METCORT,2020-10-31,3
16730,104400045,25992005368,METCORT,2020-11-30,43
16730,104400045,25992005368,METCORT,2020-12-31,2
16730,104400045,25992005368,METCORT,2021-01-31,162
16730,104400045,25992005368,METCORT,2021-02-28,9
16730,104400045,25992005368,METCORT,2021-03-31,131
16730,104400045,25992005368,METCORT,2021-04-30,33
16730,104400045,25992005368,METCORT,2021-05-31,22
16730,104400045,25992005368,METCORT,2021-06-30,1
16730,104400045,25992005368,METCORT,2021-07-31,72
16730,104400045,25992005368,METCORT,2021-08-31,19
16730,104400045,25992005368,METCORT,2021-09-30,31
16730,104400045,25992005368,METCORT,2021-10-31,18
16730,104400045,25992005368,METCORT,2021-11-30,22
16730,104400045,25992005368,METCORT,2021-12-31,59
16730,104400045,25992005368,METCORT,2022-01-31,0
17718,102980346,25351028931,NEFIVIR,2020-02-29,1
17718,102980346,25351028931,NEFIVIR,2020-03-31,4
17718,102980346,25351028931,NEFIVIR,2020-04-30,19
17718,102980346,25351028931,NEFIVIR,2020-05-31,4
17718,102980346,25351028931,NEFIVIR,2020-06-30,26
17718,102980346,25351028931,NEFIVIR,2020-07-31,4
17718,102980346,25351028931,NEFIVIR,2020-08-31,3
17718,102980346,25351028931,NEFIVIR,2020-09-30,34
17718,102980346,25351028931,NEFIVIR,2020-10-31,7
17718,102980346,25351028931,NEFIVIR,2020-11-30,10
17718,102980346,25351028931,NEFIVIR,2020-12-31,52
17718,102980346,25351028931,NEFIVIR,2021-01-31,48
17718,102980346,25351028931,NEFIVIR,2021-02-28,96
17718,102980346,25351028931,NEFIVIR,2021-03-31,27
17718,102980346,25351028931,NEFIVIR,2021-04-30,105
17718,102980346,25351028931,NEFIVIR,2021-05-31,41
17718,102980346,25351028931,NEFIVIR,2021-06-30,2
17718,102980346,25351028931,NEFIVIR,2021-07-31,2
17718,102980346,25351028931,NEFIVIR,2021-08-31,93
17718,102980346,25351028931,NEFIVIR,2021-09-30,30
17718,102980346,25351028931,NEFIVIR,2021-10-31,79
17718,102980346,25351028931,NEFIVIR,2021-11-30,19
17718,102980346,25351028931,NEFIVIR,2021-12-31,19
17718,102980346,25351028931,NEFIVIR,2022-01-31,10
17777,104650081,25001001704,NEO GENTAMICIN,2020-02-29,21
17777,104650081,25001001704,NEO GENTAMICIN,2020-03-31,1
17777,104650081,25001001704,NEO GENTAMICIN,2020-04-30,9
17777,104650081,25001001704,NEO GENTAMICIN,2020-05-31,1
17777,104650081,25001001704,NEO GENTAMICIN,2020-06-30,19
17777,104650081,25001001704,NEO GENTAMICIN,2020-07-31,33
17777,104650081,25001001704,NEO GENTAMICIN,2020-08-31,7
17777,104650081,25001001704,NEO GENTAMICIN,2020-09-30,17
17777,104650081,25001001704,NEO GENTAMICIN,2020-10-31,69
17777,104650081,25001001704,NEO GENTAMICIN,2020-11-30,2
17777,104650081,25001001704,NEO GENTAMICIN,2020-12-31,6
17777,104650081,25001001704,NEO GENTAMICIN,2021-01-31,7
17777,104650081,25001001704,NEO GENTAMICIN,2021-02-28,62
17777,104650081,25001001704,NEO GENTAMICIN,2021-03-31,6
17777,104650081,25001001704,NEO GENTAMICIN,2021-04-30,51
17777,104650081,25001001704,NEO GENTAMICIN,2021-05-31,19
17777,104650081,25001001704,NEO GENTAMICIN,2021-06-30,47
17777,104650081,25001001704,NEO GENTAMICIN,2021-07-31,6
17777,104650081,25001001704,NEO GENTAMICIN,2021-08-31,27
17777,104650081,25001001704,NEO GENTAMICIN,2021-09-30,32
17777,104650081,25001001704,NEO GENTAMICIN,2021-10-31,25
17777,104650081,25001001704,NEO GENTAMICIN,2021-11-30,3
17777,104650081,25001001704,NEO GENTAMICIN,2021-12-31,26
17777,104650081,25001001704,NEO GENTAMICIN,2022-01-31,15
29556,116370175,25351125728,NOXX,2020-02-29,1
29556,116370175,25351125728,NOXX,2020-03-31,38
29556,116370175,25351125728,NOXX,2020-04-30,20
29556,116370175,25351125728,NOXX,2020-05-31,7
29556,116370175,25351125728,NOXX,2020-06-30,63
29556,116370175,25351125728,NOXX,2020-07-31,12
29556,116370175,25351125728,NOXX,2020-08-31,60
29556,116370175,25351125728,NOXX,2020-09-30,32
29556,116370175,25351125728,NOXX,2020-10-31,38
29556,116370175,25351125728,NOXX,2020-11-30,98
29556,116370175,25351125728,NOXX,2020-12-31,31
29556,116370175,25351125728,NOXX,2021-01-31,56
29556,116370175,25351125728,NOXX,2021-02-28,21
29556,116370175,25351125728,NOXX,2021-03-31,56
29556,116370175,25351125728,NOXX,2021-04-30,0
29556,116370175,25351125728,NOXX,2021-05-31,20
29556,116370175,25351125728,NOXX,2021-06-30,77
29556,116370175,25351125728,NOXX,2021-07-31,14
29556,116370175,25351125728,NOXX,2021-08-31,14
29556,116370175,25351125728,NOXX,2021-09-30,0
29556,116370175,25351125728,NOXX,2021-10-31,62
29556,116370175,25351125728,NOXX,2021-11-30,110
29556,116370175,25351125728,NOXX,2021-12-31,17
29556,116370175,25351125728,NOXX,2022-01-31,38
19063,119240121,25000008886,OMNISCAN,2020-02-29,92
19063,119240121,25000008886,OMNISCAN,2020-03-31,39
19063,119240121,25000008886,OMNISCAN,2020-04-30,87
19063,119240121,25000008886,OMNISCAN,2020-05-31,21
19063,119240121,25000008886,OMNISCAN,2020-06-30,13
19063,119240121,25000008886,OMNISCAN,2020-07-31,25
19063,119240121,25000008886,OMNISCAN,2020-08-31,13
19063,119240121,25000008886,OMNISCAN,2020-09-30,5
19063,119240121,25000008886,OMNISCAN,2020-10-31,13
19063,119240121,25000008886,OMNISCAN,2020-11-30,101
19063,119240121,25000008886,OMNISCAN,2020-12-31,189
19063,119240121,25000008886,OMNISCAN,2021-01-31,87
19063,119240121,25000008886,OMNISCAN,2021-02-28,104
19063,119240121,25000008886,OMNISCAN,2021-03-31,3
19063,119240121,25000008886,OMNISCAN,2021-04-30,2
19063,119240121,25000008886,OMNISCAN,2021-05-31,80
19063,119240121,25000008886,OMNISCAN,2021-06-30,3
19063,119240121,25000008886,OMNISCAN,2021-07-31,40
19063,119240121,25000008886,OMNISCAN,2021-08-31,12
19063,119240121,25000008886,OMNISCAN,2021-09-30,28
19063,119240121,25000008886,OMNISCAN,2021-10-31,143
19063,119240121,25000008886,OMNISCAN,2021-11-30,1
19063,119240121,25000008886,OMNISCAN,2021-12-31,82
19063,119240121,25000008886,OMNISCAN,2022-01-31,1
19284,127580052,25351003808,OTTONON,2020-02-29,56
19284,127580052,25351003808,OTTONON,2020-03-31,4
19284,127580052,25351003808,OTTONON,2020-04-30,37
19284,127580052,25351003808,OTTONON,2020-05-31,34
19284,127580052,25351003808,OTTONON,2020-06-30,7
19284,127580052,25351003808,OTTONON,2020-07-31,18
19284,127580052,25351003808,OTTONON,2020-08-31,19
19284,127580052,25351003808,OTTONON,2020-09-30,5
19284,127580052,25351003808,OTTONON,2020-10-31,13
19284,127580052,25351003808,OTTONON,2020-11-30,46
19284,127580052,25351003808,OTTONON,2020-12-31,60
19284,127580052,25351003808,OTTONON,2021-01-31,8
19284,127580052,25351003808,OTTONON,2021-02-28,5
19284,127580052,25351003808,OTTONON,2021-03-31,55
19284,127580052,25351003808,OTTONON,2021-04-30,29
19284,127580052,25351003808,OTTONON,2021-05-31,67
19284,127580052,25351003808,OTTONON,2021-06-30,42
19284,127580052,25351003808,OTTONON,2021-07-31,159
19284,127580052,25351003808,OTTONON,2021-08-31,19
19284,127580052,25351003808,OTTONON,2021-09-30,25
19284,127580052,25351003808,OTTONON,2021-10-31,0
19284,127580052,25351003808,OTTONON,2021-11-30,50
19284,127580052,25351003808,OTTONON,2021-12-31,26
19284,127580052,25351003808,OTTONON,2022-01-31,37
19439,100431012,25351241381,PACO,2020-02-29,20
19439,100431012,25351241381,PACO,2020-03-31,83
19439,100431012,25351241381,PACO,2020-04-30,14
19439,100431012,25351241381,PACO,2020-05-31,82
19439,100431012,25351241381,PACO,2020-06-30,0
19439,100431012,25351241381,PACO,2020-07-31,121
19439,100431012,25351241381,PACO,2020-08-31,44
19439,100431012,25351241381,PACO,2020-09-30,141
19439,100431012,25351241381,PACO,2020-10-31,45
19439,100431012,25351241381,PACO,2020-11-30,12
19439,100431012,25351241381,PACO,2020-12-31,10
19439,100431012,25351241381,PACO,2021-01-31,41
19439,100431012,25351241381,PACO,2021-02-28,96
19439,100431012,25351241381,PACO,2021-03-31,46
19439,100431012,25351241381,PACO,2021-04-30,3
19439,100431012,25351241381,PACO,2021-05-31,6
19439,100431012,25351241381,PACO,2021-06-30,4
19439,100431012,25351241381,PACO,2021-07-31,8
19439,100431012,25351241381,PACO,2021-08-31,6
19439,100431012,25351241381,PACO,2021-09-30,15
19439,100431012,25351241381,PACO,2021-10-31,10
19439,100431012,25351241381,PACO,2021-11-30,6
19439,100431012,25351241381,PACO,2021-12-31,67
19439,100431012,25351241381,PACO,2022-01-31,76
19638,141070061,25351189991,PARACETAMOL,2020-02-29,59
19638,141070061,25351189991,PARACETAMOL,2020-03-31,24
19638,141070061,25351189991,PARACETAMOL,2020-04-30,6
19638,141070061,25351189991,PARACETAMOL,2020-05-31,2
19638,141070061,25351189991,PARACETAMOL,2020-06-30,4
19638,141070061,25351189991,PARACETAMOL,2020-07-31,6
19638,141070061,25351189991,PARACETAMOL,2020-08-31,7
19638,141070061,25351189991,PARACETAMOL,2020-09-30,35
19638,141070061,25351189991,PARACETAMOL,2020-10-31,22
19638,141070061,25351189991,PARACETAMOL,2020-11-30,65
19638,141070061,25351189991,PARACETAMOL,2020-12-31,35
19638,141070061,25351189991,PARACETAMOL,2021-01-31,55
19638,141070061,25351189991,PARACETAMOL,2021-02-28,5
19638,141070061,25351189991,PARACETAMOL,2021-03-31,43
19638,141070061,25351189991,PARACETAMOL,2021-04-30,92
19638,141070061,25351189991,PARACETAMOL,2021-05-31,1
19638,141070061,25351189991,PARACETAMOL,2021-06-30,94
19638,141070061,25351189991,PARACETAMOL,2021-07-31,75
19638,141070061,25351189991,PARACETAMOL,2021-08-31,9
19638,141070061,25351189991,PARACETAMOL,2021-09-30,4
19638,141070061,25351189991,PARACETAMOL,2021-10-31,4
19638,141070061,25351189991,PARACETAMOL,2021-11-30,22
19638,141070061,25351189991,PARACETAMOL,2021-12-31,0
19638,141070061,25351189991,PARACETAMOL,2022-01-31,80
20099,100431320,25351631429,PIEMONTE,2020-02-29,211
20099,100431320,25351631429,PIEMONTE,2020-03-31,86
20099,100431320,25351631429,PIEMONTE,2020-04-30,8
20099,100431320,25351631429,PIEMONTE,2020-05-31,38
20099,100431320,25351631429,PIEMONTE,2020-06-30,12
20099,100431320,25351631429,PIEMONTE,2020-07-31,68
20099,100431320,25351631429,PIEMONTE,2020-08-31,53
20099,100431320,25351631429,PIEMONTE,2020-09-30,35
20099,100431320,25351631429,PIEMONTE,2020-10-31,77
20099,100431320,25351631429,PIEMONTE,2020-11-30,74
20099,100431320,25351631429,PIEMONTE,2020-12-31,8
20099,100431320,25351631429,PIEMONTE,2021-01-31,20
20099,100431320,25351631429,PIEMONTE,2021-02-28,2
20099,100431320,25351631429,PIEMONTE,2021-03-31,10
20099,100431320,25351631429,PIEMONTE,2021-04-30,66
20099,100431320,25351631429,PIEMONTE,2021-05-31,8
20099,100431320,25351631429,PIEMONTE,2021-06-30,76
20099,100431320,25351631429,PIEMONTE,2021-07-31,2
20099,100431320,25351631429,PIEMONTE,2021-08-31,6
20099,100431320,25351631429,PIEMONTE,2021-09-30,36
20099,100431320,25351631429,PIEMONTE,2021-10-31,0
20099,100431320,25351631429,PIEMONTE,2021-11-30,20
20099,100431320,25351631429,PIEMONTE,2021-12-31,43
20099,100431320,25351631429,PIEMONTE,2022-01-31,15
20662,121170091,25000019396,PRELONE,2020-02-29,6
20662,121170091,25000019396,PRELONE,2020-03-31,28
20662,121170091,25000019396,PRELONE,2020-04-30,1
20662,121170091,25000019396,PRELONE,2020-05-31,20
20662,121170091,25000019396,PRELONE,2020-06-30,24
20662,121170091,25000019396,PRELONE,2020-07-31,56
20662,121170091,25000019396,PRELONE,2020-08-31,36
20662,121170091,25000019396,PRELONE,2020-09-30,6
20662,121170091,25000019396,PRELONE,2020-10-31,1
20662,121170091,25000019396,PRELONE,2020-11-30,37
20662,121170091,25000019396,PRELONE,2020-12-31,15
20662,121170091,25000019396,PRELONE,2021-01-31,46
20662,121170091,25000019396,PRELONE,2021-02-28,23
20662,121170091,25000019396,PRELONE,2021-03-31,26
20662,121170091,25000019396,PRELONE,2021-04-30,12
20662,121170091,25000019396,PRELONE,2021-05-31,38
20662,121170091,25000019396,PRELONE,2021-06-30,12
20662,121170091,25000019396,PRELONE,2021-07-31,34
20662,121170091,25000019396,PRELONE,2021-08-31,89
20662,121170091,25000019396,PRELONE,2021-09-30,10
20662,121170091,25000019396,PRELONE,2021-10-31,11
20662,121170091,25000019396,PRELONE,2021-11-30,69
20662,121170091,25000019396,PRELONE,2021-12-31,26
20662,121170091,25000019396,PRELONE,2022-01-31,66
22912,100410118,25351058208,SOLUÇÃO P/ DIÁLISE PERITONEAL,2020-02-29,79
22912,100410118,25351058208,SOLUÇÃO P/ DIÁLISE PERITONEAL,2020-03-31,15
22912,100410118,25351058208,SOLUÇÃO P/ DIÁLISE PERITONEAL,2020-04-30,3
22912,100410118,25351058208,SOLUÇÃO P/ DIÁLISE PERITONEAL,2020-05-31,49
22912,100410118,25351058208,SOLUÇÃO P/ DIÁLISE PERITONEAL,2020-06-30,18
22912,100410118,25351058208,SOLUÇÃO P/ DIÁLISE PERITONEAL,2020-07-31,1
22912,100410118,25351058208,SOLUÇÃO P/ DIÁLISE PERITONEAL,2020-08-31,22
22912,100410118,25351058208,SOLUÇÃO P/ DIÁLISE PERITONEAL,2020-09-30,13
22912,100410118,25351058208,SOLUÇÃO P/ DIÁLISE PERITONEAL,2020-10-31,63
22912,100410118,25351058208,SOLUÇÃO P/ DIÁLISE PERITONEAL,2020-11-30,19
22912,100410118,25351058208,SOLUÇÃO P/ DIÁLISE PERITONEAL,2020-12-31,45
22912,100410118,25351058208,SOLUÇÃO P/ DIÁLISE PERITONEAL,2021-01-31,40
22912,100410118,25351058208,SOLUÇÃO P/ DIÁLISE PERITONEAL,2021-02-28,105
22912,100410118,25351058208,SOLUÇÃO P/ DIÁLISE PERITONEAL,2021-03-31,65
22912,100410118,25351058208,SOLUÇÃO P/ DIÁLISE PERITONEAL,2021-04-30,4
22912,100410118,25351058208,SOLUÇÃO P/ DIÁLISE PERITONEAL,2021-05-31,7
22912,100410118,25351058208,SOLUÇÃO P/ DIÁLISE PERITONEAL,2021-06-30,95
22912,100410118,25351058208,SOLUÇÃO P/ DIÁLISE PERITONEAL,2021-07-31,28
22912,100410118,25351058208,SOLUÇÃO P/ DIÁLISE PERITONEAL,2021-08-31,7
22912,100410118,25351058208,SOLUÇÃO P/ DIÁLISE PERITONEAL,2021-09-30,75
22912,100410118,25351058208,SOLUÇÃO P/ DIÁLISE PERITONEAL,2021-10-31,84
22912,100410118,25351058208,SOLUÇÃO P/ DIÁLISE PERITONEAL,2021-11-30,138
22912,100410118,25351058208,SOLUÇÃO P/ DIÁLISE PERITONEAL,2021-12-31,25
22912,100410118,25351058208,SOLUÇÃO P/ DIÁLISE PERITONEAL,2022-01-31,117
24643,105730719,25351210929,TREZETE,2020-02-29,3
24643,105730719,25351210929,TREZETE,2020-03-31,121
24643,105730719,25351210929,TREZETE,2020-04-30,33
24643,105730719,25351210929,TREZETE,2020-05-31,30
24643,105730719,25351210929,TREZETE,2020-06-30,92
24643,105730719,25351210929,TREZETE,2020-07-31,3
24643,105730719,25351210929,TREZETE,2020-08-31,48
24643,105730719,25351210929,TREZETE,2020-09-30,12
24643,105730719,25351210929,TREZETE,2020-10-31,14
24643,105730719,25351210929,TREZETE,2020-11-30,69
24643,105730719,25351210929,TREZETE,2020-12-31,15
24643,105730719,25351210929,TREZETE,2021-01-31,8
24643,105730719,25351210929,TREZETE,2021-02-28,2
24643,105730719,25351210929,TREZETE,2021-03-31,37
24643,105730719,25351210929,TREZETE,2021-04-30,65
24643,105730719,25351210929,TREZETE,2021-05-31,38
24643,105730719,25351210929,TREZETE,2021-06-30,6
24643,105730719,25351210929,TREZETE,2021-07-31,121
24643,105730719,25351210929,TREZETE,2021-08-31,6
24643,105730719,25351210929,TREZETE,2021-09-30,97
24643,105730719,25351210929,TREZETE,2021-10-31,59
24643,105730719,25351210929,TREZETE,2021-11-30,71
24643,105730719,25351210929,TREZETE,2021-12-31,6
24643,105730719,25351210929,TREZETE,2022-01-31,16
25149,113000070,25001001866,URO-BECALTRIN,2020-02-29,49
25149,113000070,25001001866,URO-BECALTRIN,2020-03-31,13
25149,113000070,25001001866,URO-BECALTRIN,2020-04-30,57
25149,113000070,25001001866,URO-BECALTRIN,2020-05-31,69
25149,113000070,25001001866,URO-BECALTRIN,2020-06-30,25
25149,113000070,25001001866,URO-BECALTRIN,2020-07-31,30
25149,113000070,25001001866,URO-BECALTRIN,2020-08-31,63
25149,113000070,25001001866,URO-BECALTRIN,2020-09-30,49
25149,113000070,25001001866,URO-BECALTRIN,2020-10-31,6
25149,113000070,25001001866,URO-BECALTRIN,2020-11-30,9
25149,113000070,25001001866,URO-BECALTRIN,2020-12-31,5
25149,113000070,25001001866,URO-BECALTRIN,2021-01-31,0
25149,113000070,25001001866,URO-BECALTRIN,2021-02-28,27
25149,113000070,25001001866,URO-BECALTRIN,2021-03-31,3
25149,113000070,25001001866,URO-BECALTRIN,2021-04-30,0
25149,113000070,25001001866,URO-BECALTRIN,2021-05-31,61
25149,113000070,25001001866,URO-BECALTRIN,2021-06-30,21
25149,113000070,25001001866,URO-BECALTRIN,2021-07-31,6
25149,113000070,25001001866,URO-BECALTRIN,2021-08-31,5
25149,113000070,25001001866,URO-BECALTRIN,2021-09-30,46
25149,113000070,25001001866,URO-BECALTRIN,2021-10-31,11
25149,113000070,25001001866,URO-BECALTRIN,2021-11-30,65
25149,113000070,25001001866,URO-BECALTRIN,2021-12-31,38
25149,113000070,25001001866,URO-BECALTRIN,2022-01-31,37
25263,116090006,25000015663,"VACINA CONTRA SARAMPO, CAXUMBA E RUBEOLA",2020-02-29,0
25263,116090006,25000015663,"VACINA CONTRA SARAMPO, CAXUMBA E RUBEOLA",2020-03-31,6
25263,116090006,25000015663,"VACINA CONTRA SARAMPO, CAXUMBA E RUBEOLA",2020-04-30,57
25263,116090006,25000015663,"VACINA CONTRA SARAMPO, CAXUMBA E RUBEOLA",2020-05-31,20
25263,116090006,25000015663,"VACINA CONTRA SARAMPO, CAXUMBA E RUBEOLA",2020-06-30,92
25263,116090006,25000015663,"VACINA CONTRA SARAMPO, CAXUMBA E RUBEOLA",2020-07-31,0
25263,116090006,25000015663,"VACINA CONTRA SARAMPO, CAXUMBA E RUBEOLA",2020-08-31,137
25263,116090006,25000015663,"VACINA CONTRA SARAMPO, CAXUMBA E RUBEOLA",2020-09-30,59
25263,116090006,25000015663,"VACINA CONTRA SARAMPO, CAXUMBA E RUBEOLA",2020-10-31,3
25263,116090006,25000015663,"VACINA CONTRA SARAMPO, CAXUMBA E RUBEOLA",2020-11-30,2
25263,116090006,25000015663,"VACINA CONTRA SARAMPO, CAXUMBA E RUBEOLA",2020-12-31,2
25263,116090006,25000015663,"VACINA CONTRA SARAMPO, CAXUMBA E RUBEOLA",2021-01-31,18
25263,116090006,25000015663,"VACINA CONTRA SARAMPO, CAXUMBA E RUBEOLA",2021-02-28,148
25263,116090006,25000015663,"VACINA CONTRA SARAMPO, CAXUMBA E RUBEOLA",2021-03-31,88
25263,116090006,25000015663,"VACINA CONTRA SARAMPO, CAXUMBA E RUBEOLA",2021-04-30,25
25263,116090006,25000015663,"VACINA CONTRA SARAMPO, CAXUMBA E RUBEOLA",2021-05-31,38
25263,116090006,25000015663,"VACINA CONTRA SARAMPO, CAXUMBA E RUBEOLA",2021-06-30,53
25263,116090006,25000015663,"VACINA CONTRA SARAMPO, CAXUMBA E RUBEOLA",2021-07-31,0
25263,116090006,25000015663,"VACINA CONTRA SARAMPO, CAXUMBA E RUBEOLA",2021-08-31,38
25263,116090006,25000015663,"VACINA CONTRA SARAMPO, CAXUMBA E RUBEOLA",2021-09-30,82
25263,116090006,25000015663,"VACINA CONTRA SARAMPO, CAXUMBA E RUBEOLA",2021-10-31,11
25263,116090006,25000015663,"VACINA CONTRA SARAMPO, CAXUMBA E RUBEOLA",2021-11-30,20
25263,116090006,25000015663,"VACINA CONTRA SARAMPO, CAXUMBA E RUBEOLA",2021-12-31,77
25263,116090006,25000015663,"VACINA CONTRA SARAMPO, CAXUMBA E RUBEOLA",2022-01-31,13
25307,183260394,25351411884,VACINA RAIVA (INATIVADA),2020-02-29,53
25307,183260394,25351411884,VACINA RAIVA (INATIVADA),2020-03-31,9
25307,183260394,25351411884,VACINA RAIVA (INATIVADA),2020-04-30,2
25307,183260394,25351411884,VACINA RAIVA (INATIVADA),2020-05-31,34
25307,183260394,25351411884,VACINA RAIVA (INATIVADA),2020-06-30,18
25307,183260394,25351411884,VACINA RAIVA (INATIVADA),2020-07-31,2
25307,183260394,25351411884,VACINA RAIVA (INATIVADA),2020-08-31,98
25307,183260394,25351411884,VACINA RAIVA (INATIVADA),2020-09-30,39
25307,183260394,25351411884,VACINA RAIVA (INATIVADA),2020-10-31,11
25307,183260394,25351411884,VACINA RAIVA (INATIVADA),2020-11-30,37
25307,183260394,25351411884,VACINA RAIVA (INATIVADA),2020-12-31,9
25307,183260394,25351411884,VACINA RAIVA (INATIVADA),2021-01-31,12
25307,183260394,25351411884,VACINA RAIVA (INATIVADA),2021-02-28,9
25307,183260394,25351411884,VACINA RAIVA (INATIVADA),2021-03-31,8
25307,183260394,25351411884,VACINA RAIVA (INATIVADA),2021-04-30,35
25307,183260394,25351411884,VACINA RAIVA (INATIVADA),2021-05-31,110
25307,183260394,25351411884,VACINA RAIVA (INATIVADA),2021-06-30,118
25307,183260394,25351411884,VACINA RAIVA (INATIVADA),2021-07-31,24
25307,183260394,25351411884,VACINA RAIVA (INATIVADA),2021-08-31,118
25307,183260394,25351411884,VACINA RAIVA (INATIVADA),2021-09-30,8
25307,183260394,25351411884,VACINA RAIVA (INATIVADA),2021-10-31,24
25307,183260394,25351411884,VACINA RAIVA (INATIVADA),2021-11-30,56
25307,183260394,25351411884,VACINA RAIVA (INATIVADA),2021-12-31,45
25307,183260394,25351411884,VACINA RAIVA (INATIVADA),2022-01-31,5
26476,100430995,25351351133,ZART H,2020-02-29,70
26476,100430995,25351351133,ZART H,2020-03-31,123
26476,100430995,25351351133,ZART H,2020-04-30,28
26476,100430995,25351351133,ZART H,2020-05-31,65
26476,100430995,25351351133,ZART H,2020-06-30,26
26476,100430995,25351351133,ZART H,2020-07-31,118
26476,100430995,25351351133,ZART H,2020-08-31,40
26476,100430995,25351351133,ZART H,2020-09-30,71
26476,100430995,25351351133,ZART H,2020-10-31,37
26476,100430995,25351351133,ZART H,2020-11-30,19
26476,100430995,25351351133,ZART H,2020-12-31,6
26476,100430995,25351351133,ZART H,2021-01-31,19
26476,100430995,25351351133,ZART H,2021-02-28,2
26476,100430995,25351351133,ZART H,2021-03-31,75
26476,100430995,25351351133,ZART H,2021-04-30,0
26476,100430995,25351351133,ZART H,2021-05-31,4
26476,100430995,25351351133,ZART H,2021-06-30,39
26476,100430995,25351351133,ZART H,2021-07-31,18
26476,100430995,25351351133,ZART H,2021-08-31,29
26476,100430995,25351351133,ZART H,2021-09-30,1
26476,100430995,25351351133,ZART H,2021-10-31,6
26476,100430995,25351351133,ZART H,2021-11-30,29
26476,100430995,25351351133,ZART H,2021-12-31,24
26476,100430995,25351351133,ZART H,2022-01-31,18
28435,154230307,25351000653,ibuprofeno,2020-02-29,17
28435,154230307,25351000653,ibuprofeno,2020-03-31,2
28435,154230307,25351000653,ibuprofeno,2020-04-30,48
28435,154230307,25351000653,ibuprofeno,2020-05-31,6
28435,154230307,25351000653,ibuprofeno,2020-06-30,3
28435,154230307,25351000653,ibuprofeno,2020-07-31,38
28435,154230307,25351000653,ibuprofeno,2020-08-31,0
28435,154230307,25351000653,ibuprofeno,2020-09-30,60
28435,154230307,25351000653,ibuprofeno,2020-10-31,68
28435,154230307,25351000653,ibuprofeno,2020-11-30,26
28435,154230307,25351000653,ibuprofeno,2020-12-31,43
28435,154230307,25351000653,ibuprofeno,2021-01-31,29
28435,154230307,25351000653,ibuprofeno,2021-02-28,36
28435,154230307,25351000653,ibuprofeno,2021-03-31,30
28435,154230307,25351000653,ibuprofeno,2021-04-30,139
28435,154230307,25351000653,ibuprofeno,2021-05-31,86
28435,154230307,25351000653,ibuprofeno,2021-06-30,114
28435,154230307,25351000653,ibuprofeno,2021-07-31,11
28435,154230307,25351000653,ibuprofeno,2021-08-31,38
28435,154230307,25351000653,ibuprofeno,2021-09-30,14
28435,154230307,25351000653,ibuprofeno,2021-10-31,34
28435,154230307,25351000653,ibuprofeno,2021-11-30,7
28435,154230307,25351000653,ibuprofeno,2021-12-31,4
28435,154230307,25351000653,ibuprofeno,2022-01-31,1
28810,102351284,25351271875,nistatina + óxido de zinco,2020-02-29,7
28810,102351284,25351271875,nistatina + óxido de zinco,2020-03-31,33
28810,102351284,25351271875,nistatina + óxido de zinco,2020-04-30,172
28810,102351284,25351271875,nistatina + óxido de zinco,2020-05-31,92
28810,102351284,25351271875,nistatina + óxido de zinco,2020-06-30,35
28810,102351284,25351271875,nistatina + óxido de zinco,2020-07-31,42
28810,102351284,25351271875,nistatina + óxido de zinco,2020-08-31,9
28810,102351284,25351271875,nistatina + óxido de zinco,2020-09-30,117
28810,102351284,25351271875,nistatina + óxido de zinco,2020-10-31,1
28810,102351284,25351271875,nistatina + óxido de zinco,2020-11-30,5
28810,102351284,25351271875,nistatina + óxido de zinco,2020-12-31,3
28810,102351284,25351271875,nistatina + óxido de zinco,2021-01-31,14
28810,102351284,25351271875,nistatina + óxido de zinco,2021-02-28,136
28810,102351284,25351271875,nistatina + óxido de zinco,2021-03-31,22
28810,102351284,25351271875,nistatina + óxido de zinco,2021-04-30,25
28810,102351284,25351271875,nistatina + óxido de zinco,2021-05-31,68
28810,102351284,25351271875,nistatina + óxido de zinco,2021-06-30,66
28810,102351284,25351271875,nistatina + óxido de zinco,2021-07-31,3
28810,102351284,25351271875,nistatina + óxido de zinco,2021-08-31,46
28810,102351284,25351271875,nistatina + óxido de zinco,2021-09-30,10
28810,102351284,25351271875,nistatina + óxido de zinco,2021-10-31,10
28810,102351284,25351271875,nistatina + óxido de zinco,2021-11-30,4
28810,102351284,25351271875,nistatina + óxido de zinco,2021-12-31,71
28810,102351284,25351271875,nistatina + óxido de zinco,2022-01-31,5
29280,135690444,25351149538,tiabendazol,2020-02-29,3
29280,135690444,25351149538,tiabendazol,2020-03-31,1
29280,135690444,25351149538,tiabendazol,2020-04-30,1
29280,135690444,25351149538,tiabendazol,2020-05-31,53
29280,135690444,25351149538,tiabendazol,2020-06-30,112
29280,135690444,25351149538,tiabendazol,2020-07-31,19
29280,135690444,25351149538,tiabendazol,2020-08-31,0
29280,135690444,25351149538,tiabendazol,2020-09-30,33
29280,135690444,25351149538,tiabendazol,2020-10-31,28
29280,135690444,25351149538,tiabendazol,2020-11-30,43
29280,135690444,25351149538,tiabendazol,2020-12-31,46
29280,135690444,25351149538,tiabendazol,2021-01-31,8
29280,135690444,25351149538,tiabendazol,2021-02-28,86
29280,135690444,25351149538,tiabendazol,2021-03-31,10
29280,135690444,25351149538,tiabendazol,2021-04-30,1
29280,135690444,25351149538,tiabendazol,2021-05-31,22
29280,135690444,25351149538,tiabendazol,2021-06-30,16
29280,135690444,25351149538,tiabendazol,2021-07-31,12
29280,135690444,25351149538,tiabendazol,2021-08-31,139
29280,135690444,25351149538,tiabendazol,2021-09-30,7
29280,135690444,25351149538,tiabendazol,2021-10-31,4
29280,135690444,25351149538,tiabendazol,2021-11-30,20
29280,135690444,25351149538,tiabendazol,2021-12-31,35
29280,135690444,25351149538,tiabendazol,2022-01-31,11
